dataset,horizon,n_valid,n_naive,pct_valid,drift_days,skill_A,skill_B,skill_C_published,skill_C_aligned,bias_published,bias_aligned,window_artifact,bias_feature,n_test_A,n_test_C_published,n_test_C_aligned,n_train_A,n_train_C_published,n_train_C_aligned,A_test_start,C_test_start
D1 ZephIR (contiguous),1,8578,8578,100.0,0.04,1.02,1.02,1.25,1.02,0.23,0.0,0.23,0.0,2084,2145,2084,6433,6433,6433,2019-11-25 13:15:00,2019-11-25 12:14:00
D1 ZephIR (contiguous),10,8569,8569,100.0,0.05,-7.88,-7.88,-7.23,-7.88,0.65,0.0,0.65,0.0,2073,2143,2073,6426,6426,6426,2019-11-25 13:17:00,2019-11-25 12:07:00
D1 ZephIR (contiguous),30,8549,8549,100.0,0.06,-16.1,-16.1,-14.99,-16.1,1.11,0.0,1.11,0.0,2048,2138,2048,6411,6411,6411,2019-11-25 13:22:00,2019-11-25 11:52:00
D2 WFIP3 Buoy (few long gaps),1,20641,21729,95.0,2.15,-2.36,-2.36,-9.96,-8.6,-7.6,-6.24,-1.37,0.0,5124,5433,5124,15480,16296,16568,2024-06-02 09:50:00,2024-05-31 06:20:00
D2 WFIP3 Buoy (few long gaps),3,20605,21727,94.8,2.22,-3.05,-3.05,-9.87,-10.91,-6.82,-7.86,1.04,0.0,5113,5432,5113,15453,16295,16575,2024-06-02 11:20:00,2024-05-31 06:10:00
D2 WFIP3 Buoy (few long gaps),6,20551,21724,94.6,2.33,-1.51,-1.51,-4.91,-5.56,-3.4,-4.05,0.66,0.0,5096,5431,5096,15413,16293,16586,2024-06-02 13:40:00,2024-05-31 05:50:00
D3 Onshore (many short gaps),1,13722,39134,35.1,18.05,1.17,1.17,4.4,4.99,3.22,3.81,-0.59,0.0,3394,9784,7574,10291,29350,31523,2015-08-03 18:30:00,2015-07-16 17:20:00
D3 Onshore (many short gaps),3,13301,39132,34.0,18.24,-0.53,-0.53,5.82,6.15,6.35,6.68,-0.33,0.0,3287,9783,7545,9975,29349,31548,2015-08-03 23:00:00,2015-07-16 17:10:00
D3 Onshore (many short gaps),6,12699,39129,32.5,22.65,0.0,-0.19,8.74,8.6,8.73,8.6,0.13,-0.19,3133,9783,7077,9524,29346,31580,2015-08-08 08:10:00,2015-07-16 16:40:00
