dataset,horizon,model,skill_A,skill_B,skill_D,skill_C,bias_feature,bias_training,bias_composition,bias_total,n_test_ABD,n_test_C,n_train_AB,n_train_CD,row_expansion
D1 ZephIR (contiguous),1,XGBoost,1.02,1.02,1.02,1.02,0.0,0.0,0.0,0.0,2084,2084,6433,6433,1.0
D1 ZephIR (contiguous),1,Ridge,9.6,9.6,9.6,9.6,0.0,0.0,0.0,0.0,2084,2084,6433,6433,1.0
D1 ZephIR (contiguous),10,XGBoost,-7.88,-7.88,-7.88,-7.88,0.0,0.0,0.0,0.0,2073,2073,6426,6426,1.0
D1 ZephIR (contiguous),10,Ridge,9.52,9.52,9.52,9.52,0.0,0.0,0.0,0.0,2073,2073,6426,6426,1.0
D1 ZephIR (contiguous),30,XGBoost,-16.1,-16.1,-16.1,-16.1,0.0,0.0,0.0,0.0,2048,2048,6411,6411,1.0
D1 ZephIR (contiguous),30,Ridge,8.72,8.72,8.72,8.72,0.0,0.0,0.0,0.0,2048,2048,6411,6411,1.0
D2 WFIP3 Buoy (few long gaps),1,XGBoost,-2.36,-2.36,-8.6,-8.6,0.0,-6.24,0.0,-6.24,5124,5124,15480,16568,1.0
D2 WFIP3 Buoy (few long gaps),1,Ridge,-0.48,-0.48,-0.3,-0.3,0.0,0.18,0.0,0.18,5124,5124,15480,16568,1.0
D2 WFIP3 Buoy (few long gaps),3,XGBoost,-3.05,-3.05,-10.91,-10.91,0.0,-7.86,0.0,-7.86,5113,5113,15453,16575,1.0
D2 WFIP3 Buoy (few long gaps),3,Ridge,-0.45,-0.45,-0.49,-0.49,-0.0,-0.04,0.0,-0.04,5113,5113,15453,16575,1.0
D2 WFIP3 Buoy (few long gaps),6,XGBoost,-1.51,-1.51,-5.56,-5.56,0.0,-4.05,0.0,-4.05,5096,5096,15413,16586,1.0
D2 WFIP3 Buoy (few long gaps),6,Ridge,0.17,0.17,0.38,0.38,-0.0,0.21,0.0,0.21,5096,5096,15413,16586,1.0
D3 Onshore (many short gaps),1,XGBoost,1.17,1.17,3.97,4.99,0.0,2.8,1.02,3.81,3394,7574,10291,31523,2.23
D3 Onshore (many short gaps),1,Ridge,1.98,1.98,1.79,2.68,-0.0,-0.19,0.89,0.7,3394,7574,10291,31523,2.23
D3 Onshore (many short gaps),3,XGBoost,-0.53,-0.53,2.53,6.15,0.0,3.06,3.62,6.68,3287,7545,9975,31548,2.3
D3 Onshore (many short gaps),3,Ridge,2.89,2.89,2.84,5.51,0.0,-0.05,2.67,2.61,3287,7545,9975,31548,2.3
D3 Onshore (many short gaps),6,XGBoost,0.0,-0.19,4.38,8.6,-0.19,4.57,4.22,8.6,3133,7077,9524,31580,2.26
D3 Onshore (many short gaps),6,Ridge,5.12,5.12,4.89,8.57,0.0,-0.23,3.67,3.44,3133,7077,9524,31580,2.26
