dataset,segments,horizon,skill_honest,skill_naive_features,skill_naive,dm_p_honest,dm_p_naive,bias_total,bias_feature,bias_train_plus_comp,bias_ci_low,bias_ci_high,ci_low_b25,ci_high_b25,ci_low_b100,ci_high_b100,ci_excludes_zero,sign_flip,n_test_honest,n_test_naive,n_train_honest,n_train_naive,row_expansion,rmse_pers_honest,rmse_pers_naive,test_start,test_end
D1 ZephIR (contiguous),1,1,1.02,1.02,1.02,0.559,0.559,0.0,0.0,0.0,0.0,0.0,0.0,0.0,0.0,0.0,False,False,2084,2084,6433,6433,1.0,0.4399,0.4399,2019-11-25 13:15:00,2019-11-26 23:58:00
D1 ZephIR (contiguous),1,10,-7.88,-7.88,-7.88,0.0206,0.0206,0.0,0.0,0.0,0.0,0.0,0.0,0.0,0.0,0.0,False,False,2073,2073,6426,6426,1.0,0.664,0.664,2019-11-25 13:17:00,2019-11-26 23:49:00
D1 ZephIR (contiguous),1,30,-16.1,-16.1,-16.1,0.0126,0.0126,0.0,0.0,0.0,0.0,0.0,0.0,0.0,0.0,0.0,False,False,2048,2048,6411,6411,1.0,0.8843,0.8843,2019-11-25 13:22:00,2019-11-26 23:29:00
D2 WFIP3 Buoy (few long gaps),24,1,-2.36,-2.36,-8.6,0.0015,0.0399,-6.24,0.0,-6.24,-17.7,0.03,-18.27,0.09,-17.45,0.12,False,False,5124,5124,15480,16568,1.0,0.4535,0.4535,2024-06-02 09:50:00,2024-07-07 23:40:00
D2 WFIP3 Buoy (few long gaps),24,3,-3.05,-3.05,-10.91,0.00791,0.0377,-7.86,0.0,-7.86,-21.15,-0.06,-21.81,0.05,-21.21,-0.02,True,False,5113,5113,15453,16575,1.0,0.8452,0.8452,2024-06-02 11:20:00,2024-07-07 23:20:00
D2 WFIP3 Buoy (few long gaps),24,6,-1.51,-1.51,-5.56,0.54,0.0661,-4.05,0.0,-4.05,-11.12,0.01,-11.14,0.31,-11.68,0.11,False,False,5096,5096,15413,16586,1.0,1.22,1.22,2024-06-02 13:40:00,2024-07-07 22:50:00
D3 Onshore (many short gaps),1363,1,1.17,1.17,4.99,0.205,1.05e-09,3.81,0.0,3.81,1.4,6.36,1.52,6.44,1.42,6.53,True,False,3394,7574,10291,31523,2.23,0.5797,0.6782,2015-08-03 18:30:00,2015-10-06 23:40:00
D3 Onshore (many short gaps),1363,3,-0.53,-0.53,6.15,0.726,6.64e-09,6.68,0.0,6.68,3.9,9.38,4.13,9.44,4.07,9.51,True,True,3287,7545,9975,31548,2.3,0.8586,1.0123,2015-08-03 23:00:00,2015-10-06 23:20:00
D3 Onshore (many short gaps),1363,6,0.0,-0.19,8.6,0.998,4.14e-11,8.6,-0.19,8.79,4.39,12.99,5.1,12.24,4.66,12.8,True,False,3133,7077,9524,31580,2.26,1.1041,1.2892,2015-08-08 08:10:00,2015-10-06 22:50:00
