record,method,n_gap_starts,n_gaps,n_baseline,pre_gap_sd,baseline_sd,ratio,pre_gap_ramp,baseline_ramp,mannwhitney_p,mannwhitney_p_greater
BSB,clean,147,64,1034,0.5211517899582043,0.4846936029686669,1.0752190389273495,1.2610000000000001,1.0720000000000003,0.26579905943131366,0.13289952971565683
HKN,clean,256,107,929,0.5880749251983617,0.5563051924330993,1.0571084598838847,1.3119999999999994,1.2379999999999995,0.21513887676374854,0.10756943838187427
HKZB,clean,33,21,1134,0.44636359254245284,0.458883666988386,0.9727162343168556,0.8800000000000008,1.023,0.3167110661567438,0.8418039726096663
HKWA,clean,55,29,1126,0.5799484704469031,0.5038357527206019,1.1510665277628858,1.5030000000000001,1.1299999999999994,0.031233164700607788,0.015616582350303894
HKWB,clean,93,33,1107,0.48768330242095387,0.4662816025450413,1.0458986581479917,1.0380000000000003,1.016,0.6747859518735742,0.3373929759367871
HKZA,clean,17,12,1167,0.4131033130679951,0.5000789418650678,0.8260762021438194,0.9364999999999994,1.1059999999999999,0.27668857123131274,0.8618437696852237
D2_BUOY,clean,23,18,1174,0.4846430582314627,0.4581249658489842,1.057883971316289,1.1665,1.016,0.10621268288015194,0.05310634144007597
D3_ONSHORE,clean,1362,454,1133,0.5198261432852074,0.5103570905371961,1.0185537791549917,1.17,1.1599999999999993,0.5397180164423723,0.26985900822118614
BSB,legacy,147,143,2184,0.5999225324845691,0.4835205820263794,1.2407383569285975,1.387,1.0699999999999998,6.438043669512488e-05,3.219021834756244e-05
HKN,legacy,256,233,2059,0.5365480862782841,0.5563051924330993,0.9644851307815339,1.1179999999999986,1.2300000000000002,0.35122660891492996,0.17561330445746498
HKZB,legacy,33,33,2311,0.44960164605838376,0.4580087033216063,0.9816443285853473,0.8800000000000008,1.0259999999999998,0.40203880566029304,0.7990533316076169
HKWA,legacy,55,52,2311,0.6779623321847752,0.5033344248634253,1.3469421098482057,1.718,1.1329999999999991,5.046298168470323e-05,2.5231490842351616e-05
HKWB,legacy,93,90,2281,0.4643034104350834,0.46260725680477877,1.0036665089130248,0.9629999999999992,1.0099999999999998,0.3828473437341935,0.19142367186709675
HKZA,legacy,17,17,2358,0.3794424611385485,0.5012559886563732,0.7569833971573121,0.8160000000000003,1.1030000000000002,0.029274711919559875,0.9853758012201516
D2_BUOY,legacy,23,22,2384,0.44818823026861054,0.45662854665869257,0.9815160124091175,1.0005000000000006,1.016,0.3151496488646177,0.15757482443230886
D3_ONSHORE,legacy,1362,1045,3057,0.6018351404929588,0.5051992652190367,1.1912826916563788,1.3199999999999998,1.12,3.927678342702046e-18,1.963839171351023e-18
