record,horizon,d,n,rmse_pers,rmse_model,rmse_pers_far,rmse_model_far,pers_inflation,model_inflation,frac_displaced,median_gap_before,rmse_pers_far_legacy,rmse_model_far_legacy,pers_inflation_legacy,model_inflation_legacy
BSB,1,1,136,1.012765905533833,1.0080759525146576,0.6732180416702619,0.6685021788686181,1.5043653658198892,1.5079621045076304,0.10294117647058823,1.0,0.6773739075447672,0.672903484267234,1.4951356913122607,1.4980988746289723
BSB,1,2,122,0.8430592612816652,0.833634910056154,0.6732180416702619,0.6685021788686181,1.2522826322212417,1.2470189872335327,0.05737704918032787,1.0,0.6773739075447672,0.672903484267234,1.2445995511363093,1.2388625256769925
BSB,1,3,115,0.6206190317809274,0.6256390293424112,0.6732180416702619,0.6685021788686181,0.9218692806288498,0.9358818102900591,0.06086956521739131,1.0,0.6773739075447672,0.672903484267234,0.9162133717704665,0.9297604247416077
BSB,1,4,108,0.6969576346123517,0.7055090334567123,0.6732180416702619,0.6685021788686181,1.0352628590927118,1.0553578668221024,0.037037037037037035,1.0,0.6773739075447672,0.672903484267234,1.028911251008425,1.0484550161379897
BSB,1,5,104,0.6412773985749668,0.6269013988913644,0.6732180416702619,0.6685021788686181,0.9525552776095394,0.937770165465041,0.07692307692307693,1.0,0.6773739075447672,0.672903484267234,0.9467111021435162,0.931636428623989
BSB,1,6,96,0.622623916715915,0.6145954280793022,0.6732180416702619,0.6685021788686181,0.9248473424318483,0.9193618921623437,0.010416666666666666,1.0,0.6773739075447672,0.672903484267234,0.9191731623863385,0.9133485595613656
BSB,1,7,95,0.7278226070742934,0.74248689382554,0.6732180416702619,0.6685021788686181,1.0811097772551623,1.1106723617298222,0.042105263157894736,1.0,0.6773739075447672,0.672903484267234,1.0744768863512684,1.103407711782143
BSB,1,8,91,0.5746047853443785,0.5967813194952885,0.6732180416702619,0.6685021788686181,0.8535195876788704,0.8927140978138457,0.06593406593406594,1.0,0.6773739075447672,0.672903484267234,0.8482830220418599,0.8868750622463493
BSB,1,9,85,0.8381234992529444,0.825321715374616,0.6732180416702619,0.6685021788686181,1.244951037220497,1.2345834336268005,0.07058823529411765,1.0,0.6773739075447672,0.672903484267234,1.2373129373861411,1.2265083101380572
BSB,1,10,80,0.7786916751834452,0.7832475648388376,0.6732180416702619,0.6685021788686181,1.1566708361699605,1.1716454928604962,0.025,1.0,0.6773739075447672,0.672903484267234,1.1495743584306604,1.1639820318240202
BSB,1,11,78,0.7308623375234603,0.7625199320829751,0.6732180416702619,0.6685021788686181,1.0856250015376627,1.1406394117869203,0.02564102564102564,1.0,0.6773739075447672,0.672903484267234,1.0789644085532746,1.1331787543251168
BSB,1,12,76,0.619110663094971,0.6024986835606524,0.6732180416702619,0.6685021788686181,0.9196287454788795,0.9012665965881056,0.02631578947368421,1.0,0.6773739075447672,0.672903484267234,0.9139865828889406,0.8953716211125735
BSB,3,1,136,1.700449015096065,1.7062446658753039,1.058332379540275,1.0429076062155416,1.6067249268464379,1.6360458545957406,0.20588235294117646,1.0,1.0732357042810092,1.0585779212698947,1.5844133849751518,1.6118271802121595
BSB,3,2,122,1.5247128834797652,1.5459972564073958,1.058332379540275,1.0429076062155416,1.4406748890571404,1.4823913903720047,0.14754098360655737,1.0,1.0732357042810092,1.0585779212698947,1.42066917583702,1.460447290033011
BSB,3,3,115,1.0528608603725127,1.056786613888412,1.058332379540275,1.0429076062155416,0.9948300559696198,1.0133079935270912,0.16521739130434782,1.0,1.0732357042810092,1.0585779212698947,0.9810154993658674,0.9983078171710461
BSB,3,4,108,0.9779044251944127,0.96026465583868,1.058332379540275,1.0429076062155416,0.9240050140195095,0.920757169777721,0.12037037037037036,1.0,1.0732357042810092,1.0585779212698947,0.9111739586128831,0.9071270395350058
BSB,3,5,104,1.1049990906713976,1.1123972688756765,1.058332379540275,1.0429076062155416,1.0440945699416226,1.0666306988711072,0.125,1.0,1.0732357042810092,1.0585779212698947,1.029595909140637,1.0508411771343378
BSB,3,6,96,1.318787937842927,1.3231464878934671,1.058332379540275,1.0429076062155416,1.2460999619191375,1.2687092125973118,0.11458333333333333,1.0,1.0732357042810092,1.0585779212698947,1.2287961838973855,1.2499282870987805
BSB,3,7,95,1.1325637242441082,1.1835056278655371,1.058332379540275,1.0429076062155416,1.0701399164750853,1.1348134971996144,0.16842105263157894,1.0,1.0732357042810092,1.0585779212698947,1.0552795809219229,1.1180146535134383
BSB,3,8,91,1.2502878833327913,1.2489305144892289,1.058332379540275,1.0429076062155416,1.1813754426335317,1.197546654225003,0.15384615384615385,1.0,1.0732357042810092,1.0585779212698947,1.1649704518266975,1.1798191605876143
BSB,3,9,85,1.569220357187532,1.5895939875222753,1.058332379540275,1.0429076062155416,1.4827292328230377,1.5241944521725428,0.11764705882352941,1.0,1.0732357042810092,1.0585779212698947,1.4621395383400861,1.5016315337612194
BSB,3,10,80,1.4478694822048015,1.4841069417463422,1.058332379540275,1.0429076062155416,1.3680668854086615,1.4230473849278038,0.075,1.0,1.0732357042810092,1.0585779212698947,1.3490694322127217,1.4019817643333927
BSB,3,11,78,1.1533206183529143,1.1781706848577362,1.058332379540275,1.0429076062155416,1.0897527474817512,1.12969804595925,0.10256410256410256,1.0,1.0732357042810092,1.0585779212698947,1.0746200613271213,1.1129749271970222
BSB,3,12,76,0.9952680873962925,0.9737408497631355,1.058332379540275,1.0429076062155416,0.9404116387600493,0.9336789222360785,0.13157894736842105,1.0,1.0732357042810092,1.0585779212698947,0.9273527552487182,0.9198575090202271
BSB,6,1,136,2.0922459523201375,2.096934786145941,1.390529285927569,1.3680633766815775,1.5046399766578666,1.532776055472181,0.3014705882352941,1.0,1.4185568630271874,1.3941297993307822,1.4749115857472952,1.5041173262005612
BSB,6,2,122,1.9225484410533642,1.9454152270722198,1.390529285927569,1.3680633766815775,1.3826019059863996,1.422021274914242,0.2540983606557377,1.0,1.4185568630271874,1.3941297993307822,1.355284720099738,1.3954333577878248
BSB,6,3,115,1.4411419536030385,1.4754670547869997,1.390529285927569,1.3680633766815775,1.0363981314077162,1.0785078234942187,0.2608695652173913,1.0,1.4185568630271874,1.3941297993307822,1.0159211739511482,1.0583426704566974
BSB,6,4,108,1.6120653562938951,1.6255438517938379,1.390529285927569,1.3680633766815775,1.1593178026585378,1.188208002276045,0.26851851851851855,1.0,1.4185568630271874,1.3941297993307822,1.1364122216812391,1.1659917552685126
BSB,6,5,104,1.669394587406326,1.6832439540644288,1.390529285927569,1.3680633766815775,1.2005461548353773,1.2303844856569177,0.25961538461538464,1.0,1.4185568630271874,1.3941297993307822,1.1768259919055013,1.2073796535103323
BSB,6,6,96,2.0850071817422275,2.1274366379523917,1.390529285927569,1.3680633766815775,1.4994342102988494,1.5550716978571393,0.21875,1.0,1.4185568630271874,1.3941297993307822,1.4698086739313652,1.5259961009180174
BSB,6,7,95,2.0086316787934595,2.0940286398882595,1.390529285927569,1.3680633766815775,1.4445087198962356,1.5306517779663167,0.23157894736842105,1.0,1.4185568630271874,1.3941297993307822,1.4159683909371512,1.5020327668868756
BSB,6,8,91,2.049936096564964,2.0500525411207486,1.390529285927569,1.3680633766815775,1.4742128176017015,1.49850699614036,0.23076923076923078,1.0,1.4185568630271874,1.3941297993307822,1.4450856007212984,1.4704890047575385
BSB,6,9,86,1.9332695164554308,1.9423151953506665,1.390529285927569,1.3680633766815775,1.3903119740234888,1.4197552748338416,0.23255813953488372,1.0,1.4185568630271874,1.3941297993307822,1.36284245407678,1.3932097257249845
BSB,6,10,80,1.6417596581107725,1.6649919629805372,1.390529285927569,1.3680633766815775,1.1806724782611229,1.2170430049952803,0.1875,1.0,1.4185568630271874,1.3941297993307822,1.1573449756587637,1.1942876221279939
BSB,6,11,78,1.4652732220936189,1.4935482320489764,1.390529285927569,1.3680633766815775,1.0537521481370247,1.0917244460353726,0.21794871794871795,1.0,1.4185568630271874,1.3941297993307822,1.032932313313644,1.0713121782246657
BSB,6,12,76,1.4843955619074474,1.473991744594551,1.390529285927569,1.3680633766815775,1.0675039906960777,1.0774294303308645,0.21052631578947367,1.0,1.4185568630271874,1.3941297993307822,1.0464124495790468,1.057284440302549
D2_BUOY,1,1,23,0.4992169036683481,0.7562052930033853,0.5866202041357877,0.5867187892913908,0.8510053014689416,1.2888717845847273,0.08695652173913043,6.0,0.6165767099859013,0.615784791382984,0.8096590344448191,1.2280350271480927
D2_BUOY,1,2,21,0.5370437992641219,0.724659406977831,0.5866202041357877,0.5867187892913908,0.9154880712901765,1.235105164866184,0.0,8.0,0.6165767099859013,0.615784791382984,0.8710088956756119,1.1768062756962976
D2_BUOY,1,3,21,0.8305594468242442,0.7371962693465002,0.5866202041357877,0.5867187892913908,1.4158384606746186,1.2564729182047305,0.09523809523809523,8.0,0.6165767099859013,0.615784791382984,1.3470496588222345,1.1971654377673724
D2_BUOY,1,4,19,0.5758702339206201,0.6621590143970149,0.5866202041357877,0.5867187892913908,0.9816747358182035,1.1285798690659574,0.0,11.0,0.6165767099859013,0.615784791382984,0.9339798675395767,1.0753091399186385
D2_BUOY,1,5,19,0.8664904712933115,0.9107368737415729,0.5866202041357877,0.5867187892913908,1.4770893760296413,1.552254487778574,0.0,11.0,0.6165767099859013,0.615784791382984,1.4053246858985717,1.47898565616757
D2_BUOY,1,6,19,0.9765373305177514,0.9509366642914611,0.5866202041357877,0.5867187892913908,1.6646841067405644,1.6207707706786656,0.0,11.0,0.6165767099859013,0.615784791382984,1.5838050881618297,1.5442678637057003
D2_BUOY,1,7,19,0.5321134129210864,0.609914938669604,0.5866202041357877,0.5867187892913908,0.9070833380261747,1.0395353784497483,0.0,11.0,0.6165767099859013,0.615784791382984,0.8630125081001742,0.9904676880697281
D2_BUOY,1,8,19,0.5432892996902244,0.5775168466927569,0.5866202041357877,0.5867187892913908,0.9261346538355278,0.9843162639980433,0.0,11.0,0.6165767099859013,0.615784791382984,0.8811382118254959,0.9378550019004503
D2_BUOY,1,9,19,0.666083091070871,0.7395781837900561,0.5866202041357877,0.5867187892913908,1.1354588307304356,1.260532638955165,0.0,11.0,0.6165767099859013,0.615784791382984,1.0802923306754513,1.2010335333697442
D2_BUOY,1,10,19,0.8432381507897804,0.9202082355021128,0.5866202041357877,0.5867187892913908,1.4374515995950798,1.5683974201908444,0.0,11.0,0.6165767099859013,0.615784791382984,1.367612718957649,1.4943666170049892
D2_BUOY,1,11,19,0.6082765234228331,0.6002567352354748,0.5866202041357877,0.5867187892913908,1.036917104345135,1.0230739942050169,0.0,11.0,0.6165767099859013,0.615784791382984,0.9865382742671905,0.9747833068227701
D2_BUOY,1,12,19,0.9236750468131438,0.8803711108662124,0.5866202041357877,0.5867187892913908,1.5745708045871132,1.5004992629083518,0.05263157894736842,11.0,0.6165767099859013,0.615784791382984,1.498069959266325,1.42967335859172
D2_BUOY,3,1,23,0.8983082650907954,0.9277102061720839,1.011614509744123,1.0093324630521878,0.8879946426608817,0.9191324366668234,0.17391304347826086,6.0,1.0625416562667067,1.057692497496847,0.8454334564604709,0.877107673891626
D2_BUOY,3,2,21,1.4528586417144072,1.2928721499964593,1.011614509744123,1.0093324630521878,1.4361781367508184,1.2809180298103728,0.09523809523809523,8.0,1.0625416562667067,1.057692497496847,1.367342760771468,1.2223516315528309
D2_BUOY,3,3,21,1.7514513920848551,1.6662438323602884,1.011614509744123,1.0093324630521878,1.731342695477812,1.650837452826616,0.09523809523809523,8.0,1.0625416562667067,1.057692497496847,1.6483602141667248,1.5753575224402645
D2_BUOY,3,4,19,0.8511931254668973,1.0524873407498254,1.011614509744123,1.0093324630521878,0.8414204395725774,1.042755860211945,0.0,11.0,1.0625416562667067,1.057692497496847,0.801091534102867,0.9950787617768491
D2_BUOY,3,5,19,1.1206790234871944,1.248791264603068,1.011614509744123,1.0093324630521878,1.1078123264272457,1.2372447239304727,0.0,11.0,1.0625416562667067,1.057692497496847,1.0547153769243798,1.1806751655688954
D2_BUOY,3,6,19,1.4352231992198796,1.5243361836636442,1.011614509744123,1.0093324630521878,1.4187451696228675,1.5102419068679336,0.0,11.0,1.0625416562667067,1.057692497496847,1.350745347963682,1.4411903150217706
D2_BUOY,3,7,19,0.9591614758955371,1.2865596939523685,1.011614509744123,1.0093324630521878,0.948149187913632,1.2746639398299493,0.0,11.0,1.0625416562667067,1.057692497496847,0.9027048212543487,1.2163834923639552
D2_BUOY,3,8,19,1.1744460284254064,1.439864311833158,1.011614509744123,1.0093324630521878,1.160962023688717,1.4265510766185565,0.0,11.0,1.0625416562667067,1.057692497496847,1.1053176329593337,1.3613260141683574
D2_BUOY,3,9,19,1.579840935530836,1.7196773556372538,1.011614509744123,1.0093324630521878,1.5617025263214541,1.703776920477725,0.0,11.0,1.0625416562667067,1.057692497496847,1.4868508224719266,1.6258764808364166
D2_BUOY,3,10,19,0.9150316646807484,0.9772775411795388,1.011614509744123,1.0093324630521878,0.9045260381963045,0.9682414634958674,0.05263157894736842,11.0,1.0625416562667067,1.057692497496847,0.8611725095990663,0.9239713276707365
D2_BUOY,3,11,19,1.0963326005609024,1.026648563130032,1.011614509744123,1.0093324630521878,1.0837454287188981,1.0171559924125306,0.05263157894736842,11.0,1.0625416562667067,1.057692497496847,1.0318019948628856,0.9706493764111175
D2_BUOY,3,12,19,1.6362903044772694,1.5148893628403297,1.011614509744123,1.0093324630521878,1.6175037909362842,1.5008824329887842,0.05263157894736842,11.0,1.0625416562667067,1.057692497496847,1.5399775574225083,1.4322587769370518
D2_BUOY,6,1,23,1.523150382252692,1.6814868668609873,1.4083961728862708,1.3921868920314244,1.0814786432792214,1.207802541803441,0.17391304347826086,6.0,1.4717350162241971,1.4502355930163675,1.0349352060402852,1.1594577287705625
D2_BUOY,6,2,21,1.6535117735248168,2.0259465308237923,1.4083961728862708,1.3921868920314244,1.1740388147577985,1.4552259775033585,0.09523809523809523,8.0,1.4717350162241971,1.4502355930163675,1.1235118790385081,1.3969775259825161
D2_BUOY,6,3,21,1.267896643844008,1.7640099885308362,1.4083961728862708,1.3921868920314244,0.9002414720040508,1.2670784351064117,0.09523809523809523,8.0,1.4717350162241971,1.4502355930163675,0.8614979122375265,1.2163609809505809
D2_BUOY,6,4,19,1.2682234362329559,2.037272689660795,1.4083961728862708,1.3921868920314244,0.9004735035838286,1.463361493576546,0.0,11.0,1.4717350162241971,1.4502355930163675,0.8617199579083472,1.4047874010756003
D2_BUOY,6,5,19,1.9207310559976079,2.2188634892173686,1.4083961728862708,1.3921868920314244,1.3637718512550292,1.5937971416895689,0.0,11.0,1.4717350162241971,1.4502355930163675,1.305079402761871,1.5300020906274407
D2_BUOY,6,6,19,2.218554582202233,2.4916596258465122,1.4083961728862708,1.3921868920314244,1.5752347421220825,1.7897450695077155,0.0,11.0,1.4717350162241971,1.4502355930163675,1.5074415963099357,1.7181067944030188
D2_BUOY,6,7,19,1.0499683203240993,1.6006029630538328,1.4083961728862708,1.3921868920314244,0.7455063713872255,1.149704089454754,0.05263157894736842,11.0,1.4717350162241971,1.4502355930163675,0.7134221233777808,1.1036847880175895
D2_BUOY,6,8,19,1.0690858921231923,1.4095197408858948,1.4083961728862708,1.3921868920314244,0.7590803729126022,1.0124500876668785,0.05263157894736842,11.0,1.4717350162241971,1.4502355930163675,0.7264119425968274,0.9719246636018724
D2_BUOY,6,9,19,1.3727879239746126,1.5104442094955322,1.4083961728862708,1.3921868920314244,0.9747171643908368,1.0849435647907526,0.05263157894736842,11.0,1.4717350162241971,1.4502355930163675,0.9327684052096296,1.0415164382732711
D2_BUOY,6,10,19,1.5494194838203454,1.7311989863073953,1.4083961728862708,1.3921868920314244,1.1001304275380634,1.243510477089249,0.05263157894736842,11.0,1.4717350162241971,1.4502355930163675,1.0527842762044566,1.1937363795537852
D2_BUOY,6,11,19,1.4824332282824038,1.5274450136131514,1.4083961728862708,1.3921868920314244,1.052568344633035,1.0971551465941212,0.05263157894736842,11.0,1.4717350162241971,1.4502355930163675,1.0072691156629903,1.0532392260737409
D2_BUOY,6,12,19,1.8950251387028585,1.6729667564578756,1.4083961728862708,1.3921868920314244,1.3455199433120608,1.2016825945090952,0.05263157894736842,11.0,1.4717350162241971,1.4502355930163675,1.287612999495406,1.1535827451167753
D3_ONSHORE,1,1,997,1.1000556200035088,1.0528536607847374,0.6055271294965366,0.5958653464932109,1.8166908903291352,1.7669321885909224,0.21063189568706117,4.0,0.6633533989161832,0.6527659738709164,1.658325142828588,1.6129113693553792
D3_ONSHORE,1,2,787,0.9169750280313183,0.8903816477293657,0.6055271294965366,0.5958653464932109,1.51434177489906,1.4942665368433377,0.12833545108005082,4.0,0.6633533989161832,0.6527659738709164,1.3823325990784303,1.3640135720454043
D3_ONSHORE,1,3,686,0.9026132291294078,0.8663303143033849,0.6055271294965366,0.5958653464932109,1.4906239294016146,1.453902831238493,0.08017492711370262,4.0,0.6633533989161832,0.6527659738709164,1.3606823008733175,1.3271683099013685
D3_ONSHORE,1,4,631,0.8432536413470195,0.8170068338820692,0.6055271294965366,0.5958653464932109,1.39259432033729,1.3711266122292916,0.08716323296354993,4.0,0.6633533989161832,0.6527659738709164,1.271198191981477,1.2516075693057358
D3_ONSHORE,1,5,576,0.8090131376834646,0.7956355237837183,0.6055271294965366,0.5958653464932109,1.3360477149159538,1.3352606062195018,0.043402777777777776,4.0,0.6633533989161832,0.6527659738709164,1.2195809036409053,1.2188679490531382
D3_ONSHORE,1,6,551,0.7515745118243143,0.7417621165246877,0.6055271294965366,0.5958653464932109,1.2411904854687654,1.244848556624595,0.043557168784029036,4.0,0.6633533989161832,0.6527659738709164,1.1329926296484962,1.136336981730255
D3_ONSHORE,1,7,527,0.9134480207037039,0.8849458258215365,0.6055271294965366,0.5958653464932109,1.508517085705453,1.485143969236713,0.051233396584440226,4.0,0.6633533989161832,0.6527659738709164,1.377015663439935,1.3556862049254628
D3_ONSHORE,1,8,500,0.7382173121784668,0.7219969410113852,0.6055271294965366,0.5958653464932109,1.2191316890991406,1.2116780162841898,0.028,4.0,0.6633533989161832,0.6527659738709164,1.112856756872882,1.1060578674619446
D3_ONSHORE,1,9,486,0.7648347679219495,0.7497440440687759,0.6055271294965366,0.5958653464932109,1.2630891840599587,1.2582440789369151,0.024691358024691357,4.0,0.6633533989161832,0.6527659738709164,1.1529823607922582,1.1485648365259873
D3_ONSHORE,1,10,474,0.7202222172316631,0.7105640420864046,0.6055271294965366,0.5958653464932109,1.1894136235159096,1.1924909650615174,0.035864978902953586,4.0,0.6633533989161832,0.6527659738709164,1.085729293628999,1.0885433226133776
D3_ONSHORE,1,11,457,0.7295818771982382,0.7039517006365656,0.6055271294965366,0.5958653464932109,1.2048706683131545,1.18139392528776,0.03938730853391685,4.0,0.6633533989161832,0.6527659738709164,1.099838906969139,1.0784135950930727
D3_ONSHORE,1,12,439,0.7647692343293926,0.7567751016024031,0.6055271294965366,0.5958653464932109,1.262980958368054,1.270043821236088,0.04555808656036447,4.0,0.6633533989161832,0.6527659738709164,1.1528835694200215,1.1593360130502979
D3_ONSHORE,3,1,997,1.5723424826188295,1.3890014880518529,0.9317167228434031,0.8962625126917451,1.6875756805355726,1.549770818685995,0.36710130391173523,4.0,1.047432721697488,1.0068783394735366,1.5011393572569163,1.3795127311787398
D3_ONSHORE,3,2,787,1.4228050930854106,1.2958086145346748,0.9317167228434031,0.8962625126917451,1.5270790554701104,1.445791379406211,0.2681067344345616,4.0,1.047432721697488,1.0068783394735366,1.3583737299896337,1.2869564909025755
D3_ONSHORE,3,3,686,1.4202381437067695,1.3050268727945977,0.9317167228434031,0.8962625126917451,1.5243239805469004,1.4560766006771952,0.1967930029154519,4.0,1.047432721697488,1.0068783394735366,1.3559230242541083,1.2961117760035967
D3_ONSHORE,3,4,631,1.4201709122384898,1.3276385314425962,0.9317167228434031,0.8962625126917451,1.5242518218460515,1.48130543522935,0.1648177496038035,4.0,1.047432721697488,1.0068783394735366,1.3558588373455966,1.318568966471932
D3_ONSHORE,3,5,576,1.3327862810043227,1.2667435866941823,0.9317167228434031,0.8962625126917451,1.430462981212723,1.4133622334485145,0.13194444444444445,4.0,1.047432721697488,1.0068783394735366,1.2724313966861622,1.2580900164726165
D3_ONSHORE,3,6,551,1.2959893459264975,1.2213459261182344,0.9317167228434031,0.8962625126917451,1.3909692872866026,1.3627100417824756,0.11796733212341198,4.0,1.047432721697488,1.0068783394735366,1.2373008013595321,1.2130024832561557
D3_ONSHORE,3,7,527,1.3243736122770022,1.2447078310819875,0.9317167228434031,0.8962625126917451,1.4214337682330023,1.3887759595609512,0.10056925996204934,4.0,1.047432721697488,1.0068783394735366,1.2643996935007902,1.2362047948442352
D3_ONSHORE,3,8,500,1.2141171277928666,1.1744991568914287,0.9317167228434031,0.8962625126917451,1.3030968512485608,1.3104410150593664,0.086,4.0,1.047432721697488,1.0068783394735366,1.1591361455896156,1.1664757407588444
D3_ONSHORE,3,9,486,1.1067592553860646,1.0741219698379332,0.9317167228434031,0.8962625126917451,1.1878709786473174,1.1984457172174063,0.09670781893004116,4.0,1.047432721697488,1.0068783394735366,1.0566399468525587,1.0667842655146957
D3_ONSHORE,3,10,474,1.1615816548690283,1.0935565087458843,0.9317167228434031,0.8962625126917451,1.246711179900395,1.2201296977841973,0.1160337552742616,4.0,1.047432721697488,1.0068783394735366,1.1089797280598115,1.0860860402634829
D3_ONSHORE,3,11,457,1.2182974093711787,1.1453467124137817,0.9317167228434031,0.8962625126917451,1.3075834956071108,1.2779143344665416,0.1050328227571116,4.0,1.047432721697488,1.0068783394735366,1.1631271241906445,1.137522446865473
D3_ONSHORE,3,12,439,1.279581188601659,1.2193362158311565,0.9317167228434031,0.8962625126917451,1.3733586155850535,1.3604677185137692,0.09567198177676538,4.0,1.047432721697488,1.0068783394735366,1.2216356832235937,1.2110065020057013
D3_ONSHORE,6,1,997,1.957529275027008,1.6608837410795525,1.1884972132903528,1.1149910057687649,1.6470625703930688,1.4895938464852505,0.47141424272818455,4.0,1.3565838967805113,1.2663740411790183,1.44298430762202,1.3115269952416573
D3_ONSHORE,6,2,787,1.8588428379815012,1.6099781740034342,1.1884972132903528,1.1149910057687649,1.5640279314036398,1.4439382610924159,0.3646759847522236,4.0,1.3565838967805113,1.2663740411790183,1.370238023901778,1.2713291031333158
D3_ONSHORE,6,3,686,1.8386799676190566,1.6146517682371717,1.1884972132903528,1.1149910057687649,1.5470629186657272,1.4481298592394478,0.2915451895043732,4.0,1.3565838967805113,1.2663740411790183,1.3553750505093503,1.2750196353787386
D3_ONSHORE,6,4,631,1.7898882203985238,1.5980851258582838,1.1884972132903528,1.1149910057687649,1.5060096064030482,1.4332717641578057,0.24881141045958796,4.0,1.3565838967805113,1.2663740411790183,1.319408423353944,1.2619376849911075
D3_ONSHORE,6,5,576,1.6655544205392323,1.5654739110427085,1.1884972132903528,1.1149910057687649,1.4013953099041327,1.4040238019349263,0.2065972222222222,4.0,1.3565838967805113,1.2663740411790183,1.2277562961582986,1.2361860399358964
D3_ONSHORE,6,6,551,1.538231006042065,1.4412593647518972,1.1884972132903528,1.1149910057687649,1.2942655555611062,1.2926197227556797,0.20326678765880218,4.0,1.3565838967805113,1.2663740411790183,1.1339003873572762,1.1380992644243224
D3_ONSHORE,6,7,527,1.5565657595960631,1.43073828757192,1.1884972132903528,1.1149910057687649,1.3096923932086582,1.283183702980145,0.2049335863377609,4.0,1.3565838967805113,1.2663740411790183,1.1474157722866645,1.1297912315384129
D3_ONSHORE,6,8,500,1.4555412051879535,1.3743754529013457,1.1884972132903528,1.1149910057687649,1.2246904653299857,1.2326336677072478,0.182,4.0,1.3565838967805113,1.2663740411790183,1.0729459553827012,1.085283974726595
D3_ONSHORE,6,9,486,1.5276749460342474,1.4322338621703468,1.1884972132903528,1.1149910057687649,1.2853837004841446,1.284525036309911,0.1831275720164609,4.0,1.3565838967805113,1.2663740411790183,1.1261190330061965,1.1309722211590107
D3_ONSHORE,6,10,474,1.6101266428163883,1.4833375648827312,1.1884972132903528,1.1149910057687649,1.3547584502606909,1.3303583232584002,0.1751054852320675,4.0,1.3565838967805113,1.2663740411790183,1.186897947585544,1.1713265722832693
D3_ONSHORE,6,11,457,1.5825478722782815,1.4266938227556714,1.1884972132903528,1.1149910057687649,1.3315537088193923,1.2795563510146823,0.175054704595186,4.0,1.3565838967805113,1.2663740411790183,1.166568375191564,1.126597495181907
D3_ONSHORE,6,12,439,1.5709130000603286,1.457357601530128,1.1884972132903528,1.1149910057687649,1.321764142560552,1.307057719739459,0.17084282460136674,4.0,1.3565838967805113,1.2663740411790183,1.1579917790477021,1.1508113354671266
HKN,1,1,234,1.0458729004671763,1.0451424406723775,0.8383407915705743,0.8254968632640123,1.2475510090685253,1.266076816500413,0.21367521367521367,1.0,0.8570677162786691,0.8448731457027978,1.2202920266420567,1.2370406681620683
HKN,1,2,184,0.8965983632597152,0.8492340205544824,0.8383407915705743,0.8254968632640123,1.0694915149959474,1.0287549939276734,0.10869565217391304,1.0,0.8570677162786691,0.8448731457027978,1.0461231314985069,1.00516157351416
HKN,1,3,164,0.8807526991574711,0.8505707648524014,0.8383407915705743,0.8254968632640123,1.0505902945596157,1.0303743147966025,0.06707317073170732,1.0,0.8570677162786691,0.8448731457027978,1.0276349026208111,1.0067437569516593
HKN,1,4,153,0.8369680146315867,0.841945223370405,0.8383407915705743,0.8254968632640123,0.9983625072848765,1.0199254059444345,0.06535947712418301,1.0,0.8570677162786691,0.8448731457027978,0.9765482921998813,0.9965344829016227
HKN,1,5,143,0.8611389392701232,0.8214643424013283,0.8383407915705743,0.8254968632640123,1.0271943676471214,0.9951150379339547,0.06993006993006994,1.0,0.8570677162786691,0.8448731457027978,1.0047501765777984,0.9722931147468331
HKN,1,6,133,0.7855598932383587,0.7841169130385882,0.8383407915705743,0.8254968632640123,0.9370412380467207,0.9498726741833907,0.06015037593984962,1.0,0.8570677162786691,0.8448731457027978,0.9165668923445249,0.9280883373164024
HKN,1,7,125,0.9591069554538741,0.9608085407799202,0.8383407915705743,0.8254968632640123,1.1440537846870753,1.163915435100366,0.056,1.0,0.8570677162786691,0.8448731457027978,1.1190562160225246,1.1372222512536871
HKN,1,8,118,0.91525030845045,0.8989553629917925,0.8383407915705743,0.8254968632640123,1.0917401582425579,1.0889870125457841,0.01694915254237288,1.0,0.8570677162786691,0.8448731457027978,1.067885642017186,1.0640122337466495
HKN,1,9,116,0.7298783909099112,0.6856492131097331,0.8383407915705743,0.8254968632640123,0.8706225418693201,0.8305897255607708,0.02586206896551724,1.0,0.8570677162786691,0.8448731457027978,0.8515994442994477,0.8115410184322807
HKN,1,10,113,1.1741565943112537,1.1570245306903109,0.8383407915705743,0.8254968632640123,1.400571946536863,1.4016098451488224,0.061946902654867256,1.0,0.8570677162786691,0.8448731457027978,1.3699694575002352,1.3694653884730277
HKN,1,11,106,1.0278591095362262,1.0450631671521184,0.8383407915705743,0.8254968632640123,1.2260635768547088,1.2659807852206022,0.02830188679245283,1.0,0.8570677162786691,0.8448731457027978,1.1992740946994502,1.236946839259277
HKN,1,12,103,0.7510557682291584,0.762365677295543,0.8383407915705743,0.8254968632640123,0.8958836022068146,0.9235234090183593,0.02912621359223301,1.0,0.8570677162786691,0.8448731457027978,0.8763085506127714,0.9023433650046696
HKN,3,1,234,1.3349164031574425,1.3404427757450275,1.2554870310284003,1.2277503361437325,1.0632657846445293,1.0917877489288685,0.34615384615384615,1.0,1.2932795959595393,1.267201357991329,1.032194745303324,1.0577977740410531
HKN,3,2,184,1.4016302329011774,1.34216695012571,1.2554870310284003,1.2277503361437325,1.1164035933952003,1.093192085242144,0.22282608695652173,1.0,1.2932795959595393,1.267201357991329,1.0837797466844346,1.059158389991951
HKN,3,3,164,1.2669985393758305,1.2317346198697248,1.2554870310284003,1.2277503361437325,1.0091689583905943,1.0032451904989956,0.18902439024390244,1.0,1.2932795959595393,1.267201357991329,0.9796787510869142,0.9720117581172549
HKN,3,4,153,1.2476131014783358,1.2377346992181,1.2554870310284003,1.2277503361437325,0.9937283863907261,1.0081322421834782,0.1830065359477124,1.0,1.2932795959595393,1.267201357991329,0.9646893876437279,0.9767466641450437
HKN,3,5,142,1.6357821577476732,1.5710623134589423,1.2554870310284003,1.2277503361437325,1.3029064556786092,1.279626864850655,0.16901408450704225,1.0,1.2932795959595393,1.267201357991329,1.2648325720580293,1.2397890071308562
HKN,3,6,132,1.3274205705849678,1.322477387746826,1.2554870310284003,1.2277503361437325,1.0572953266571339,1.0771549791634543,0.12121212121212122,1.0,1.2932795959595393,1.267201357991329,1.0263987576484557,1.0436205575435276
HKN,3,7,125,1.1823255084789468,1.1492966233805582,1.2554870310284003,1.2277503361437325,0.9417265804095761,0.9360996202130221,0.096,1.0,1.2932795959595393,1.267201357991329,0.9142071924530202,0.906956590704997
HKN,3,8,118,1.3727858598299856,1.287844142939218,1.2554870310284003,1.2277503361437325,1.0934289450250259,1.048946275986562,0.1016949152542373,1.0,1.2932795959595393,1.267201357991329,1.0614764696812966,1.016290059048398
HKN,3,9,116,1.7729612478017946,1.6988272274707539,1.2554870310284003,1.2277503361437325,1.4121701013108183,1.383691111669036,0.11206896551724138,1.0,1.2932795959595393,1.267201357991329,1.3709032859877133,1.340613484003525
HKN,3,10,113,1.7588352692690632,1.7163025872399904,1.2554870310284003,1.2277503361437325,1.400918707880525,1.3979247544991615,0.11504424778761062,1.0,1.2932795959595393,1.267201357991329,1.359980683808831,1.3544039993458832
HKN,3,11,106,1.3867406574206285,1.450975748729287,1.2554870310284003,1.2277503361437325,1.104543992210509,1.1818166169570663,0.0660377358490566,1.0,1.2932795959595393,1.267201357991329,1.072266709962084,1.1450238271755508
HKN,3,12,103,1.3934414580768646,1.4029309170610125,1.2554870310284003,1.2277503361437325,1.10988120437649,1.1426842052167612,0.038834951456310676,1.0,1.2932795959595393,1.267201357991329,1.0774479566756103,1.1071097014012292
HKN,6,1,234,1.725327020903524,1.7302062673197351,1.5818871778577275,1.5485116863684056,1.0906764054058837,1.1173349756096724,0.4658119658119658,1.0,1.6481690486949874,1.6177670201167438,1.0468143557662548,1.0695027440940645
HKN,6,2,183,1.8960343760573688,1.8163850861372164,1.5818871778577275,1.5485116863684056,1.1985901413178375,1.1729876513861073,0.3551912568306011,1.0,1.6481690486949874,1.6177670201167438,1.150388291515752,1.1227729725916527
HKN,6,3,163,1.989439844706424,1.9208455957937598,1.5818871778577275,1.5485116863684056,1.2576370000044033,1.240446302538767,0.2883435582822086,1.0,1.6481690486949874,1.6177670201167438,1.2070605538197998,1.1873437719450757
HKN,6,4,152,1.8025798416509367,1.7275643940259433,1.5818871778577275,1.5485116863684056,1.1395122654019374,1.1156289030517135,0.2565789473684211,1.0,1.6481690486949874,1.6177670201167438,1.0936862593544097,1.0678697071604761
HKN,6,5,142,1.7437458041748701,1.6587643796958302,1.5818871778577275,1.5485116863684056,1.1023199559252639,1.0711991354653518,0.2535211267605634,1.0,1.6481690486949874,1.6177670201167438,1.0579896555851234,1.0253419429802246
HKN,6,6,132,1.742474172670643,1.7313990334631761,1.5818871778577275,1.5485116863684056,1.1015160860146744,1.118105241765195,0.2196969696969697,1.0,1.6481690486949874,1.6177670201167438,1.0572181136700303,1.070240035761288
HKN,6,7,125,1.8831780330069696,1.8463988412002694,1.5818871778577275,1.5485116863684056,1.1904629226195926,1.19236997528283,0.2,1.0,1.6481690486949874,1.6177670201167438,1.1425879126282958,1.1413255544466636
HKN,6,8,118,2.0417465230549015,1.9585191492777052,1.5818871778577275,1.5485116863684056,1.2907029980607967,1.264775181562146,0.16101694915254236,1.0,1.6481690486949874,1.6177670201167438,1.2387967876666213,1.210631150792264
HKN,6,9,116,2.076160101543563,2.017898419133507,1.5818871778577275,1.5485116863684056,1.312457759696368,1.3031212078650274,0.14655172413793102,1.0,1.6481690486949874,1.6177670201167438,1.259676671629926,1.2473356138684843
HKN,6,10,113,1.9746679097970627,1.943904209813357,1.5818871778577275,1.5485116863684056,1.2482988277781346,1.2553371259161965,0.1415929203539823,1.0,1.6481690486949874,1.6177670201167438,1.1980979204533635,1.2015971308854336
HKN,6,11,106,1.797336903142042,1.8330402355528466,1.5818871778577275,1.5485116863684056,1.1361979086119705,1.1837432366117442,0.10377358490566038,1.0,1.6481690486949874,1.6177670201167438,1.0905051909360663,1.1330681196731083
HKN,6,12,103,1.752711294964218,1.8048946309774063,1.5818871778577275,1.5485116863684056,1.1079875477199514,1.1655673294983482,0.07766990291262135,1.0,1.6481690486949874,1.6177670201167438,1.0634293225879996,1.1156703088477837
HKWA,1,1,43,0.9800215825815173,1.0054359690187922,0.6645746281338358,0.6630748894000631,1.4746599420045192,1.5163233973895325,0.13953488372093023,1.0,0.6656410322248062,0.6647881727358189,1.4722974323051283,1.512415548671838
HKWA,1,2,37,0.6608429506360837,0.6584305837025572,0.6645746281338358,0.6630748894000631,0.9943848631293208,0.9929958051922191,0.16216216216216217,1.0,0.6656410322248062,0.6647881727358189,0.9927917881313811,0.9904366694625476
HKWA,1,3,31,0.7702906866472451,0.7264371912902173,0.6645746281338358,0.6630748894000631,1.1590732688821812,1.0955582889701692,0.06451612903225806,1.0,0.6656410322248062,0.6647881727358189,1.1572163513908735,1.0927348305561646
HKWA,1,4,29,0.8986919997111514,0.906380745012984,0.6645746281338358,0.6630748894000631,1.352281537191287,1.366935710433944,0.10344827586206896,1.0,0.6656410322248062,0.6647881727358189,1.3501150863663063,1.3634128616983863
HKWA,1,5,26,0.6050594376397437,0.6119506358755396,0.6645746281338358,0.6630748894000631,0.9104461892245055,0.9228982210881492,0.0,1.0,0.6656410322248062,0.6647881727358189,0.9089875899287976,0.9205197399303363
HKWA,1,6,26,0.9345670737751332,0.9039987288148473,0.6645746281338358,0.6630748894000631,1.4062635469540146,1.3633433315997945,0.038461538461538464,1.0,0.6656410322248062,0.6647881727358189,1.4040106131250378,1.359829741095723
HKWA,1,7,25,0.8415370936566015,0.8779783164090746,0.6645746281338358,0.6630748894000631,1.2662792981123678,1.3241012899816669,0.04,1.0,0.6656410322248062,0.6647881727358189,1.264250628967221,1.3206888335511584
HKWA,1,8,24,0.601849960538339,0.5870182372357257,0.6645746281338358,0.6630748894000631,0.9056168187286484,0.8852970405301398,0.0,1.0,0.6656410322248062,0.6647881727358189,0.9041659564266117,0.8830154646403459
HKWA,1,9,24,0.5147629308720664,0.5368574107082494,0.6645746281338358,0.6630748894000631,0.7745750576087302,0.8096482302232668,0.041666666666666664,1.0,0.6656410322248062,0.6647881727358189,0.7733341334916626,0.8075616154524938
HKWA,1,10,23,0.8822957701853481,0.8286259040432817,0.6645746281338358,0.6630748894000631,1.327609771475757,1.2496716695047914,0.08695652173913043,1.0,0.6656410322248062,0.6647881727358189,1.3254828465673243,1.2464510321133082
HKWA,1,11,21,0.7212716613896664,0.6660573169783954,0.6645746281338358,0.6630748894000631,1.0853132678492994,1.0044978744120905,0.0,1.0,0.6656410322248062,0.6647881727358189,1.0835745191051744,1.001909095700896
HKWA,1,12,21,0.6009536468932406,0.6216199412872406,0.6645746281338358,0.6630748894000631,0.9042681159537392,0.9374807449723664,0.0,1.0,0.6656410322248062,0.6647881727358189,0.9028194143690967,0.9350646819257824
HKWA,3,1,43,1.1374824200021527,1.1883368697722405,1.0698650248313402,1.0618188558929373,1.0632017998545864,1.1191521634572101,0.32558139534883723,1.0,1.077588714789428,1.0697356690946858,1.0555812290818474,1.110869632661615
HKWA,3,2,37,1.1257158683327764,1.112379388506826,1.0698650248313402,1.0618188558929373,1.0522036352298187,1.0476169097330352,0.2972972972972973,1.0,1.077588714789428,1.0697356690946858,1.0446618945455017,1.0398637912562358
HKWA,3,3,31,1.0486451473979606,1.0020282659659276,1.0698650248313402,1.0618188558929373,0.9801658368664544,0.9436904048226487,0.16129032258064516,1.0,1.077588714789428,1.0697356690946858,0.9731404319716512,0.9367064172160785
HKWA,3,4,29,1.1195710077432832,1.1170642446220853,1.0698650248313402,1.0618188558929373,1.0464600503411905,1.0520290145748912,0.13793103448275862,1.0,1.077588714789428,1.0697356690946858,1.0389594771898283,1.044243243349503
HKWA,3,5,26,1.3645583816469988,1.3287703405711193,1.0698650248313402,1.0618188558929373,1.2754490986955256,1.2514096290498524,0.07692307692307693,1.0,1.077588714789428,1.0697356690946858,1.2663072310604586,1.242148297902092
HKWA,3,6,26,1.4173415391011224,1.4156823012380813,1.0698650248313402,1.0618188558929373,1.3247853759165185,1.333261594839133,0.07692307692307693,1.0,1.077588714789428,1.0697356690946858,1.315289887179345,1.3233945002845133
HKWA,3,7,25,1.1539888734298955,1.2389547676248052,1.0698650248313402,1.0618188558929373,1.0786303380763542,1.166823098637578,0.08,1.0,1.077588714789428,1.0697356690946858,1.0708991822129437,1.1581877686413216
HKWA,3,8,24,1.4171723754246222,1.3116785984078185,1.0698650248313402,1.0618188558929373,1.3246272590769417,1.2353129642859482,0.125,1.0,1.077588714789428,1.0697356690946858,1.3151329036529045,1.2261707600326055
HKWA,3,9,24,1.130228848508124,1.0759785535240414,1.0698650248313402,1.0618188558929373,1.0564219058252697,1.0133353232074565,0.125,1.0,1.077588714789428,1.0697356690946858,1.0488499304013057,1.0058359131229484
HKWA,3,10,23,0.9406839556130562,0.9217269113386617,1.0698650248313402,1.0618188558929373,0.8792547973622664,0.8680641770705181,0.08695652173913043,1.0,1.077588714789428,1.0697356690946858,0.8729526791646807,0.8616398779323836
HKWA,3,11,21,1.071252315661219,1.0045139795985278,1.0698650248313402,1.0618188558929373,1.001296697057741,0.9460314007644751,0.0,1.0,1.077588714789428,1.0697356690946858,0.9941198352940739,0.9390300881045176
HKWA,3,12,21,1.2306413542771681,1.227373635177437,1.0698650248313402,1.0618188558929373,1.1502772085396227,1.1559162171265795,0.0,1.0,1.077588714789428,1.0697356690946858,1.1420325188888492,1.147361605896679
HKWA,6,1,43,1.515508871480099,1.4360322498871014,1.4104111575773715,1.3935903798372928,1.074515656897703,1.0304550538406874,0.4186046511627907,1.0,1.4228178464548131,1.4058887971820007,1.0651460938982744,1.021440851342952
HKWA,6,2,37,1.5919935318352914,1.3966848556927784,1.4104111575773715,1.3935903798372928,1.1287442837376722,1.0022205060398357,0.35135135135135137,1.0,1.4228178464548131,1.4058887971820007,1.1189018578885608,0.993453293384462
HKWA,6,3,31,1.5433157434144733,1.404391825388693,1.4104111575773715,1.3935903798372928,1.094231093623358,1.0077508037567404,0.22580645161290322,1.0,1.4228178464548131,1.4058887971820007,1.0846896159335508,0.9989352132285937
HKWA,6,4,29,1.5425772880653896,1.5347278186538449,1.4104111575773715,1.3935903798372928,1.093707519100343,1.1012761288098376,0.20689655172413793,1.0,1.4228178464548131,1.4058887971820007,1.0841706068763315,1.0916423985524975
HKWA,6,5,26,1.7305138743248405,1.686707105474324,1.4104111575773715,1.3935903798372928,1.2269570224453568,1.210332053003447,0.19230769230769232,1.0,1.4228178464548131,1.4058887971820007,1.216258201031638,1.199744324625961
HKWA,6,6,26,1.6553934693786665,1.6011569114672533,1.4104111575773715,1.3935903798372928,1.173695670574597,1.148943717345548,0.19230769230769232,1.0,1.4228178464548131,1.4058887971820007,1.1634612775650475,1.1388930011226015
HKWA,6,7,25,1.5689855193723108,1.6231329338118887,1.4104111575773715,1.3935903798372928,1.1124313012861573,1.1647130730059976,0.16,1.0,1.4228178464548131,1.4058887971820007,1.1027311214022923,1.1545244098006455
HKWA,6,8,24,1.486116092930383,1.396125049313847,1.4104111575773715,1.3935903798372928,1.0536757915918986,1.0018188052337518,0.125,1.0,1.4228178464548131,1.4058887971820007,1.0444879480766198,0.993055106571925
HKWA,6,9,24,1.4036740926345164,1.3828857962393453,1.4104111575773715,1.3935903798372928,0.9952233326383867,0.9923187015691101,0.125,1.0,1.4228178464548131,1.4058887971820007,0.9865451829494573,0.9836381078014398
HKWA,6,10,23,1.32564289571382,1.2765102437467595,1.4104111575773715,1.3935903798372928,0.9398981910997104,0.9159866932317637,0.13043478260869565,1.0,1.4228178464548131,1.4058887971820007,0.9317024656507362,0.9079738357012511
HKWA,6,11,21,1.6540042033688747,1.536223314181593,1.4104111575773715,1.3935903798372928,1.1727106627615715,1.102349252985625,0.047619047619047616,1.0,1.4228178464548131,1.4058887971820007,1.16248485882441,1.0927061352653484
HKWA,6,12,21,1.4605272205285191,1.4837803744183395,1.4104111575773715,1.3935903798372928,1.0355329456108606,1.0647177218542343,0.047619047619047616,1.0,1.4228178464548131,1.4058887971820007,1.0265033041071738,1.0554037967956404
HKWB,1,1,81,0.8164672923676571,0.8022211576032288,0.6906725314288774,0.6835724829503746,1.1821337250498916,1.1735714611283843,0.14814814814814814,1.0,0.6911666239283552,0.6836858398871178,1.1812886561667804,1.1733768798483264
HKWB,1,2,69,0.6274777090561217,0.5998098105748815,0.6906725314288774,0.6835724829503746,0.908502482005449,0.877463364215651,0.15942028985507245,1.0,0.6911666239283552,0.6836858398871178,0.9078530231823877,0.8773178784482578
HKWB,1,3,58,0.6671889563296712,0.6648528924794845,0.6906725314288774,0.6835724829503746,0.9659989734199753,0.9726150614049087,0.1206896551724138,1.0,0.6911666239283552,0.6836858398871178,0.9653084122285839,0.9724537992321989
HKWB,1,4,51,0.5090934657435165,0.5192422014764142,0.6906725314288774,0.6835724829503746,0.7370981797847,0.7596007949812539,0.13725490196078433,1.0,0.6911666239283552,0.6836858398871178,0.7365712523125076,0.7594748511423688
HKWB,1,5,44,0.6401303489418102,0.6322287698786939,0.6906725314288774,0.6835724829503746,0.9268217857419282,0.9248891458443799,0.045454545454545456,1.0,0.6911666239283552,0.6836858398871178,0.9261592310455152,0.9247357967558317
HKWB,1,6,42,0.5756249812574321,0.5843477703633273,0.6906725314288774,0.6835724829503746,0.8334267761692613,0.8548439045428182,0.0,1.0,0.6911666239283552,0.6836858398871178,0.8328309865221446,0.8547021691422012
HKWB,1,7,42,0.5900189464270255,0.5826857956053292,0.6906725314288774,0.6835724829503746,0.8542672823637306,0.8524125972572691,0.07142857142857142,1.0,0.6911666239283552,0.6836858398871178,0.8536565945177722,0.8522712649738883
HKWB,1,8,39,0.6240402066270886,0.6334398525867349,0.6906725314288774,0.6835724829503746,0.9035254454611963,0.9266608419530555,0.02564102564102564,1.0,0.6911666239283552,0.6836858398871178,0.9028795445593959,0.9265071991125646
HKWB,1,9,38,0.5971028739716996,0.6175520367531612,0.6906725314288774,0.6835724829503746,0.8645238471210097,0.9034185139924563,0.07894736842105263,1.0,0.6911666239283552,0.6836858398871178,0.8639058271910913,0.903268724791966
HKWB,1,10,35,0.6179961164926525,0.5783010398611957,0.6906725314288774,0.6835724829503746,0.8947744240155744,0.8459981264388882,0.02857142857142857,1.0,0.6911666239283552,0.6836858398871178,0.8941347789338749,0.8458578576918867
HKWB,1,11,34,0.7632724823763406,0.7620869990645383,0.6906725314288774,0.6835724829503746,1.1051148665160708,1.1148590940572771,0.058823529411764705,1.0,0.6911666239283552,0.6836858398871178,1.104324855905455,1.11467424744436
HKWB,1,12,32,0.603128044033769,0.5844520575872475,0.6906725314288774,0.6835724829503746,0.873247474872072,0.8549964665995442,0.09375,1.0,0.6911666239283552,0.6836858398871178,0.8726232187049123,0.854854705903731
HKWB,3,1,81,1.0906328381514656,0.9935555243088477,1.0772647943380125,1.0521188315973569,1.0124092459752831,0.9443377444355818,0.37037037037037035,1.0,1.0738889421505255,1.0473408791623453,1.0155918320263262,0.9486457982080154
HKWB,3,2,69,0.8628929854552221,0.8480174871755942,1.0772647943380125,1.0521188315973569,0.8010036065324835,0.8060092279577487,0.36231884057971014,1.0,1.0738889421505255,1.0473408791623453,0.8035216227547965,0.8096862292378311
HKWB,3,3,58,0.9726292485692655,0.9715184917574641,1.0772647943380125,1.0521188315973569,0.9028692422525083,0.923392360806314,0.27586206896551724,1.0,1.0738889421505255,1.0473408791623453,0.9057074809072141,0.9276048620717227
HKWB,3,4,51,0.8492406181118402,0.8741055104828263,1.0772647943380125,1.0521188315973569,0.788330429598514,0.8308049283327952,0.17647058823529413,1.0,1.0738889421505255,1.0473408791623453,0.7908086067179219,0.8345950472036656
HKWB,3,5,44,0.7060102851426973,0.7426834538503857,1.0772647943380125,1.0521188315973569,0.6553730232839792,0.7058931287474652,0.11363636363636363,1.0,1.0738889421505255,1.0473408791623453,0.6574332386074022,0.7091134019750837
HKWB,3,6,42,0.7951574417326778,0.8073544084730919,1.0772647943380125,1.0521188315973569,0.7381262674803256,0.7673604769979674,0.09523809523809523,1.0,1.0738889421505255,1.0473408791623453,0.7404466239687024,0.7708611632907973
HKWB,3,7,42,1.1064181914112379,1.053261808896344,1.0772647943380125,1.0521188315973569,1.027062424416404,1.001086357609674,0.16666666666666666,1.0,1.0738889421505255,1.0473408791623453,1.0302910738568278,1.005653297652942
HKWB,3,8,39,0.8752028482820574,0.8456479183441877,1.0772647943380125,1.0521188315973569,0.8124305675652163,0.8037570405049218,0.1282051282051282,1.0,1.0738889421505255,1.0473408791623453,0.8149845053152446,0.8074237673416605
HKWB,3,9,38,0.8784126532978017,0.884324133654117,1.0772647943380125,1.0521188315973569,0.8154101553440193,0.8405173513637341,0.15789473684210525,1.0,1.0738889421505255,1.0473408791623453,0.817973459656572,0.8443517781540163
HKWB,3,10,35,0.878148002494861,0.823964072386856,1.0772647943380125,1.0521188315973569,0.8151644861229218,0.7831473476583346,0.17142857142857143,1.0,1.0738889421505255,1.0473408791623453,0.8177270181554511,0.7867200534040605
HKWB,3,11,34,0.8591422021582994,0.8638177762279781,1.0772647943380125,1.0521188315973569,0.7975218411237962,0.8210268177754267,0.14705882352941177,1.0,1.0738889421505255,1.0473408791623453,0.8000289121497208,0.8247723290614346
HKWB,3,12,32,0.6905833810989082,0.767674446754723,1.0772647943380125,1.0521188315973569,0.6410525849619703,0.7296461423366196,0.125,1.0,1.0738889421505255,1.0473408791623453,0.6430677828900766,0.7329747764344907
HKWB,6,1,81,1.384491104082634,1.2506613946182104,1.3775373426365451,1.3456979172695689,1.0050479658379203,0.9293775211867844,0.48148148148148145,1.0,1.3698984481515923,1.3361016545629716,1.0106523632833744,0.9360525753014594
HKWB,6,2,69,1.0849676078781927,1.0835889965052101,1.3775373426365451,1.3456979172695689,0.7876139356059946,0.8052245475000959,0.43478260869565216,1.0,1.3698984481515923,1.3361016545629716,0.7920058668159983,0.8110078995895291
HKWB,6,3,58,1.1065705331462545,1.0930598454027805,1.3775373426365451,1.3456979172695689,0.8032962148440403,0.8122624189094437,0.3448275862068966,1.0,1.3698984481515923,1.3361016545629716,0.8077755943437654,0.8180963189962607
HKWB,6,4,51,1.15382937876192,1.1479616378169701,1.3775373426365451,1.3456979172695689,0.8376029767393035,0.8530604254379711,0.3137254901960784,1.0,1.3698984481515923,1.3361016545629716,0.8422736592765582,0.859187348430056
HKWB,6,5,44,1.0976759540046417,1.052038890204417,1.3775373426365451,1.3456979172695689,0.7968393451343677,0.78177938503391,0.22727272727272727,1.0,1.3698984481515923,1.3361016545629716,0.8012827195225594,0.7873943472875429
HKWB,6,6,42,1.0402275392111733,1.075305012110401,1.3775373426365451,1.3456979172695689,0.7551356373542834,0.7990686455784988,0.23809523809523808,1.0,1.3698984481515923,1.3361016545629716,0.7593464614948321,0.8048077842266612
HKWB,6,7,42,1.237571238930742,1.172534270645719,1.3775373426365451,1.3456979172695689,0.8983939677178449,0.871320565781063,0.30952380952380953,1.0,1.3698984481515923,1.3361016545629716,0.9034036359414819,0.8775786383029708
HKWB,6,8,39,1.1051077914706924,1.1075407277844813,1.3775373426365451,1.3456979172695689,0.8022343621956304,0.8230232904214415,0.2564102564102564,1.0,1.3698984481515923,1.3361016545629716,0.806707820540871,0.8289344781529735
HKWB,6,9,38,0.9210018143876062,1.0227339042700248,1.3775373426365451,1.3456979172695689,0.6685857333093053,0.7600025913283417,0.2631578947368421,1.0,1.3698984481515923,1.3361016545629716,0.6723139336571382,0.7654611464458915
HKWB,6,10,35,1.1399958771855274,1.0789211229481428,1.3775373426365451,1.3456979172695689,0.827560779589195,0.8017558094592891,0.22857142857142856,1.0,1.3698984481515923,1.3361016545629716,0.8321754643373215,0.8075142480839524
HKWB,6,11,34,0.9548951744132166,0.9684710331469231,1.3775373426365451,1.3456979172695689,0.6931900463660678,0.7196793728506008,0.20588235294117646,1.0,1.3698984481515923,1.3361016545629716,0.6970554464833939,0.7248483151259193
HKWB,6,12,32,1.3128509530788328,1.2564190143053855,1.3775373426365451,1.3456979172695689,0.9530420065172931,0.9336560591954166,0.15625,1.0,1.3698984481515923,1.3361016545629716,0.9583564057980108,0.9403618429889231
HKZA,1,1,16,1.076415753786612,1.0728283709562445,0.7269244946126392,0.7169234061207628,1.480780688729176,1.496433735873217,0.0,1.0,0.7301166208681009,0.7198351833606483,1.4743066011930601,1.4903805701016162
HKZA,1,2,16,0.7410169954191335,0.7752204817418572,0.7269244946126392,0.7169234061207628,1.0193864712372966,1.0813156260813648,0.1875,1.0,0.7301166208681009,0.7198351833606483,1.0149296348548704,1.0769416383937154
HKZA,3,1,16,2.0916980691533853,2.052790148342752,1.1157617110693174,1.0915767485942796,1.874681707036492,1.8805733549989156,0.1875,1.0,1.1217320534814563,1.096266164132005,1.8647038414044605,1.8725289674228867
HKZA,3,2,16,1.4257950413716551,1.439119404786344,1.1157617110693174,1.0915767485942796,1.2778669739484156,1.318385909776501,0.1875,1.0,1.1217320534814563,1.096266164132005,1.2710656140621959,1.3127463492643698
HKZA,6,1,16,2.37263636330981,2.2325271342602826,1.409233096548377,1.392041834392613,1.6836365602830992,1.6037787651937894,0.1875,1.0,1.417692017793626,1.3986815191967747,1.6735908318101258,1.5961654627011608
HKZA,6,2,16,1.4943652289517446,1.4679244470949664,1.409233096548377,1.392041834392613,1.060410256196708,1.0545117329289626,0.25,1.0,1.417692017793626,1.3986815191967747,1.0540831225652565,1.0495058574434843
HKZB,1,1,24,0.6446430860044442,0.6003945405987154,0.551247011993126,0.5485169107560882,1.1694269029661115,1.0945779953641137,0.125,2.0,0.5544191331016193,0.5512991498456583,1.1627360015482868,1.0890539932209253
HKZB,1,2,21,0.548975496027004,0.6460502002974264,0.551247011993126,0.5485169107560882,0.9958793137800259,1.1778127303438943,0.09523809523809523,2.0,0.5544191331016193,0.5512991498456583,0.9901813686620777,1.1718686678154584
HKZB,1,3,19,0.6567957304816676,0.7243571947506076,0.551247011993126,0.5485169107560882,1.191472636027382,1.3205740434732214,0.0,2.0,0.5544191331016193,0.5512991498456583,1.1846555994691543,1.313909508029168
HKZB,1,4,19,0.4572185933503395,0.5384189276594381,0.551247011993126,0.5485169107560882,0.8294259803734609,0.9815903887398278,0.0,2.0,0.5544191331016193,0.5512991498456583,0.8246804016169046,0.9766366006734708
HKZB,1,5,19,0.42493466990139855,0.5099365139460642,0.551247011993126,0.5485169107560882,0.7708607224281834,0.9296641615718941,0.0,2.0,0.5544191331016193,0.5512991498456583,0.7664502260666254,0.9249724293767295
HKZB,1,6,19,0.5514816883918984,0.5397047262928725,0.551247011993126,0.5485169107560882,1.0004257191307466,0.983934525462362,0.0,2.0,0.5544191331016193,0.5512991498456583,0.9947017616558653,0.9789689072511144
HKZB,1,7,19,0.42889564428216165,0.4829249578203065,0.551247011993126,0.5485169107560882,0.778046202430046,0.8804194517077545,0.0,2.0,0.5544191331016193,0.5512991498456583,0.7735945941886344,0.8759762425817383
HKZB,1,8,19,0.3414934691523165,0.3379627702222665,0.551247011993126,0.5485169107560882,0.6194926443548231,0.6161391993483135,0.0,2.0,0.5544191331016193,0.5512991498456583,0.6159482037387124,0.6130297322549518
HKZB,1,9,19,0.81316810588036,0.8198099602840692,0.551247011993126,0.5485169107560882,1.4751428818456802,1.4945937749740923,0.0,2.0,0.5544191331016193,0.5512991498456583,1.466702819816492,1.4870510148865332
HKZB,1,10,19,0.562891875192647,0.49869451698380496,0.551247011993126,0.5485169107560882,1.021124582893279,0.9091689010943949,0.0,2.0,0.5544191331016193,0.5512991498456583,1.0152821964199328,0.9045806022436629
HKZB,1,11,19,0.7293703124144683,0.7174434307952272,0.551247011993126,0.5485169107560882,1.3231279200540382,1.3079695752794327,0.10526315789473684,2.0,0.5544191331016193,0.5512991498456583,1.3155576149295378,1.3013686507517428
HKZB,1,12,17,0.6154276370708325,0.6923104878390975,0.551247011993126,0.5485169107560882,1.1164280688717942,1.262149761043467,0.0,2.0,0.5544191331016193,0.5512991498456583,1.1100404014340375,1.2557800751786334
HKZB,3,1,24,1.0534046191595452,1.2042676509631567,0.8867145849887416,0.8719002451236652,1.1879861197647044,1.3811988902381265,0.20833333333333334,2.0,0.8947885420081496,0.8777011227070624,1.1772665492513101,1.3720703093655353
HKZB,3,2,21,0.9723026179911175,1.2344771635444858,0.8867145849887416,0.8719002451236652,1.096522640375271,1.4158467903279404,0.09523809523809523,2.0,0.8947885420081496,0.8777011227070624,1.0866283734579403,1.4064892155282105
HKZB,3,3,19,0.9105609607038371,1.1901841935538395,0.8867145849887416,0.8719002451236652,1.0268929553193245,1.3650462885063541,0.0,2.0,0.8947885420081496,0.8777011227070624,1.017626978839369,1.356024462954994
HKZB,3,4,19,0.7806932479331565,0.881689962812008,0.8867145849887416,0.8719002451236652,0.8804335252284915,1.0112280249295655,0.0,2.0,0.8947885420081496,0.8777011227070624,0.8724890980175807,1.0045446450981435
HKZB,3,5,19,0.7272022450894646,0.7968656409836636,0.8867145849887416,0.8719002451236652,0.8201085866865467,0.9139412971155214,0.0,2.0,0.8947885420081496,0.8777011227070624,0.8127084902734946,0.9079009019903259
HKZB,3,6,19,0.7564361384670537,0.7623578242148054,0.8867145849887416,0.8719002451236652,0.8530773613886796,0.8743635851446252,0.0,2.0,0.8947885420081496,0.8777011227070624,0.8453797774046197,0.8685847659206499
HKZB,3,7,19,1.181995747610126,1.1154034517311937,0.8867145849887416,0.8719002451236652,1.3330058709084316,1.2792787454406456,0.0,2.0,0.8947885420081496,0.8777011227070624,1.320977741799649,1.2708237723235383
HKZB,3,8,19,0.8903539509064564,0.8463457592052085,0.8867145849887416,0.8719002451236652,1.0041043262164917,0.9706910440025944,0.0,2.0,0.8947885420081496,0.8777011227070624,0.9950439786681434,0.9642755800458069
HKZB,3,9,19,1.0618680411624155,1.033184769683547,0.8867145849887416,0.8719002451236652,1.197530816723735,1.184980478514496,0.10526315789473684,2.0,0.8947885420081496,0.8777011227070624,1.1867251214228716,1.1771487388519362
HKZB,3,10,19,1.3148069099781594,1.224724482091538,0.8867145849887416,0.8719002451236652,1.4827848015997767,1.4046612430047318,0.10526315789473684,2.0,0.8947885420081496,0.8777011227070624,1.4694051703292645,1.395377595409886
HKZB,3,11,19,1.1952500068803047,1.223826479478201,0.8867145849887416,0.8719002451236652,1.347953475802454,1.4036313056714655,0.10526315789473684,2.0,0.8947885420081496,0.8777011227070624,1.3357904697771805,1.3943544651094857
HKZB,3,12,17,0.8932682226784174,1.0278115885153722,0.8867145849887416,0.8719002451236652,1.0073909212734546,1.1788178685161324,0.0,2.0,0.8947885420081496,0.8777011227070624,0.9983009177494382,1.1710268586023105
HKZB,6,1,24,1.2290081027668884,1.3671396612155398,1.1368291868967335,1.120429793570737,1.0810842270172363,1.2201921700587366,0.20833333333333334,2.0,1.1448065479828187,1.1251198674851466,1.0735509024930328,1.215105786258448
HKZB,6,2,21,1.0742650865547463,1.245611168618717,1.1368291868967335,1.120429793570737,0.9449661382174995,1.1117262105723154,0.09523809523809523,2.0,1.1448065479828187,1.1251198674851466,0.9383813260394357,1.1070919682565832
HKZB,6,3,19,1.0298069057633548,1.1636908743771741,1.1368291868967335,1.120429793570737,0.9058589607243253,1.03861114819927,0.0,2.0,1.1448065479828187,1.1251198674851466,0.8995466592830933,1.0342816867843965
HKZB,6,4,19,1.2750275951606116,1.1186659575446734,1.1368291868967335,1.120429793570737,1.121564796063273,0.9984257505145036,0.0,2.0,1.1448065479828187,1.1251198674851466,1.1137493905911406,0.9942638023494341
HKZB,6,5,19,0.9840031022629746,0.9214312902573946,1.1368291868967335,1.120429793570737,0.8655681201756116,0.8223909213631787,0.0,2.0,1.1448065479828187,1.1251198674851466,0.8595365775962898,0.8189627762213157
HKZB,6,6,19,1.3353594036221506,1.2374129380033325,1.1368291868967335,1.120429793570737,1.17463504545248,1.1044091696810183,0.10526315789473684,2.0,1.1448065479828187,1.1251198674851466,1.1664498303011033,1.099805428526635
HKZB,6,7,19,1.4538769223229173,1.3895754376078504,1.1368291868967335,1.120429793570737,1.2788877511947478,1.240216429071708,0.10526315789473684,2.0,1.1448065479828187,1.1251198674851466,1.26997607140236,1.235046573938661
HKZB,6,8,19,1.6059541515379898,1.4887889979013942,1.1368291868967335,1.120429793570737,1.4126609081192338,1.3287659846644386,0.10526315789473684,2.0,1.1448065479828187,1.1251198674851466,1.4028170561809994,1.323227009784403
HKZB,6,9,19,1.6391236586728448,1.5322235577750556,1.1368291868967335,1.120429793570737,1.4418381209469584,1.3675319654718914,0.10526315789473684,2.0,1.1448065479828187,1.1251198674851466,1.4317909532933986,1.3618313941961242
HKZB,6,10,19,1.2240986372364813,1.1810133849674653,1.1368291868967335,1.120429793570737,1.0767656665976109,1.0540717425976798,0.10526315789473684,2.0,1.1448065479828187,1.1251198674851466,1.0692624351191715,1.0496778335336405
HKZB,6,11,19,1.045364076593212,1.0887928388289665,1.1368291868967335,1.120429793570737,0.9195436646439391,0.9717635545544129,0.10526315789473684,2.0,1.1448065479828187,1.1251198674851466,0.9131360040132308,0.9677127480315695
HKZB,6,12,17,0.6840515116482351,0.7740944887566689,1.1368291868967335,1.120429793570737,0.6017188153969981,0.6908906682048145,0.058823529411764705,2.0,1.1448065479828187,1.1251198674851466,0.5975258552229222,0.6880106832411687
