record,horizon,n,n_far,pers_inflation,model_inflation,ratio,ci_lo,ci_hi,sign,n_far_legacy,pers_inflation_legacy,model_inflation_legacy,ratio_legacy,ci_lo_legacy,ci_hi_legacy,sign_legacy
BSB,1,136,14132,1.5043653658198892,1.5079621045076304,0.9976148348310679,0.9738699538146195,1.0205749105361464,not resolved,16531,1.4951356913122607,1.4980988746289723,0.9980220375524643,0.9742674644385936,1.020991485016045,not resolved
BSB,3,136,14056,1.6067249268464379,1.6360458545957406,0.9820781748464209,0.9405710322207465,1.0149531965246514,not resolved,16529,1.5844133849751518,1.6118271802121595,0.9829921001621282,0.9414463308472555,1.0158977154482156,not resolved
BSB,6,136,13942,1.5046399766578666,1.532776055472181,0.9816437119343916,0.9433604196555829,1.0144226753781547,not resolved,16526,1.4749115857472952,1.5041173262005612,0.9805828043168412,0.9423408865570251,1.013326342023557,not resolved
D2_BUOY,1,23,17020,0.8510053014689416,1.2888717845847273,0.6602714960845654,0.50041039557788,0.9154157382496018,NEGATIVE,17872,0.8096590344448191,1.2280350271480927,0.6593126552140111,0.4996837036910188,0.9140863789957382,NEGATIVE
D2_BUOY,3,23,16984,0.8879946426608817,0.9191324366668234,0.9661226252455403,0.7546034914070723,1.2438985276919394,not resolved,17870,0.8454334564604709,0.877107673891626,0.9638878801611434,0.7528580127286676,1.241021257201,not resolved
D2_BUOY,6,23,16931,1.0814786432792214,1.207802541803441,0.8954101401909637,0.653061539312451,1.1216202455894342,not resolved,17868,1.0349352060402852,1.1594577287705625,0.8926027921153146,0.651014018323602,1.1181036688870607,not resolved
D3_ONSHORE,1,997,12137,1.8166908903291352,1.7669321885909224,1.028161070390536,1.0120600695185376,1.045574458821052,POSITIVE,25501,1.658325142828588,1.6129113693553792,1.0281563973917296,1.012055469698886,1.045569706678281,POSITIVE
D3_ONSHORE,3,997,11777,1.6875756805355726,1.549770818685995,1.0889195100256297,1.0651924419527599,1.1120351050407833,POSITIVE,25499,1.5011393572569163,1.3795127311787398,1.0881663672463908,1.0644557098171246,1.111265974538565,POSITIVE
D3_ONSHORE,6,997,11262,1.6470625703930688,1.4895938464852505,1.1057125231010931,1.0743121199852514,1.1373145478769218,POSITIVE,25497,1.44298430762202,1.3115269952416573,1.1002322581672372,1.0689874854928616,1.1316776532001631,POSITIVE
HKN,1,234,11810,1.2475510090685253,1.266076816500413,0.9853675486428263,0.9590172128432272,1.0124263826125848,not resolved,15707,1.2202920266420567,1.2370406681620683,0.986460718753171,0.960081149801401,1.0135495718853802,not resolved
HKN,3,234,11676,1.0632657846445293,1.0917877489288685,0.9738759073708955,0.9341444676148163,1.006131893273749,not resolved,15707,1.032194745303324,1.0577977740410531,0.9757959135800417,0.9359861428883139,1.0081154924856046,not resolved
HKN,6,234,11479,1.0906764054058837,1.1173349756096724,0.9761409328574517,0.9384121376277996,1.010712241886368,not resolved,15708,1.0468143557662548,1.0695027440940645,0.9787860400984495,0.9409550089046075,1.0134510290630856,not resolved
HKWA,1,43,16491,1.4746599420045192,1.5163233973895325,0.9725233710323667,0.8650076495218936,1.0341163999376928,not resolved,17449,1.4722974323051283,1.512415548671838,0.9734741444559067,0.8658533117535899,1.035127388896101,not resolved
HKWA,3,43,16451,1.0632017998545864,1.1191521634572101,0.9500064732665257,0.7867193608246528,1.0876158002005913,not resolved,17447,1.0555812290818474,1.110869632661615,0.9502296201514682,0.7869041532230542,1.0878712701207005,not resolved
HKWA,6,43,16392,1.074515656897703,1.0304550538406874,1.0427583938695764,0.9081648000054325,1.188196736538598,not resolved,17445,1.0651460938982744,1.021440851342952,1.0427878349469384,0.9081904409883214,1.1882302838993741,not resolved
HKWB,1,81,16006,1.1821337250498916,1.1735714611283843,1.007295903321707,0.9368823550678054,1.0710594481008466,not resolved,17220,1.1812886561667804,1.1733768798483264,1.006742740933737,0.9363678606882817,1.0704712695924108,not resolved
HKWB,3,81,15959,1.0124092459752831,0.9443377444355818,1.0720838512924067,0.9886157514779074,1.1440713850854425,not resolved,17219,1.0155918320263262,0.9486457982080154,1.0705701052434653,0.9872198595559117,1.1424559950795279,not resolved
HKWB,6,81,15887,1.0050479658379203,0.9293775211867844,1.0814205669129024,0.9814277958787858,1.1490077887914987,not resolved,17216,1.0106523632833744,0.9360525753014594,1.0796961516375188,0.9798628274153781,1.14717560005462,not resolved
HKZA,1,16,17146,1.480780688729176,1.496433735873217,0.9895397659322971,0.9404196082714993,1.0218193801352364,not resolved,17685,1.4743066011930601,1.4903805701016162,0.9892148561038607,0.9401108267711481,1.0214838714766428,not resolved
HKZA,3,16,17122,1.874681707036492,1.8805733549989156,0.9968671001602982,0.9217826450624593,1.0435065617675956,not resolved,17683,1.8647038414044605,1.8725289674228867,0.9958210921408626,0.9208154228131172,1.0424116151776566,not resolved
HKZA,6,16,17087,1.6836365602830992,1.6037787651937894,1.0497935231606963,0.927786700118261,1.1599251228122982,not resolved,17681,1.6735908318101258,1.5961654627011608,1.04850710713784,0.9266497911447404,1.1585037516279848,not resolved
HKZB,1,24,16702,1.1694269029661115,1.0945779953641137,1.0683815204754772,0.7300869725463355,1.1805622494894328,not resolved,17432,1.1627360015482868,1.0890539932209253,1.0676568919319085,0.7295917918927434,1.179761534494794,not resolved
HKZB,3,24,16677,1.1879861197647044,1.3811988902381265,0.8601122750394687,0.6269675368215116,1.112297631664598,not resolved,17431,1.1772665492513101,1.3720703093655353,0.8580220278913365,0.6254438786389187,1.1095945229892168,not resolved
HKZB,6,24,16640,1.0810842270172363,1.2201921700587366,0.8859950535211154,0.6838775245148764,1.206929250427588,not resolved,17428,1.0735509024930328,1.215105786258448,0.8835040657642732,0.6819547930797786,1.2035359515889075,not resolved
