section,model,condition,fractions,stat,value,ci_lo,ci_hi,n,ci_method,record
A1 paper pooled (unmatched fractions),Ridge,MANY-SHORT,all,mean,5.044662145399351,3.881243266326275,6.405480960230672,359.0,iid bootstrap over runs,
A1 paper pooled (unmatched fractions),Ridge,MANY-SHORT,all,median,2.1284680567106307,,,359.0,,
A1 paper pooled (unmatched fractions),Ridge,MEDIUM,all,mean,0.79536628485295,0.5800374783757696,1.029958140828605,884.0,iid bootstrap over runs,
A1 paper pooled (unmatched fractions),Ridge,MEDIUM,all,median,0.22989598591734434,,,884.0,,
A1 paper pooled (unmatched fractions),Ridge,FEW-LONG,all,mean,-0.007714397889313843,-0.08726832774516192,0.0814670211285397,900.0,iid bootstrap over runs,
A1 paper pooled (unmatched fractions),Ridge,FEW-LONG,all,median,-0.0076343111345744,,,900.0,,
A1 paper pooled (unmatched fractions),XGBoost,MANY-SHORT,all,mean,56.786102921525725,44.69565108491571,70.02582801870861,359.0,iid bootstrap over runs,
A1 paper pooled (unmatched fractions),XGBoost,MANY-SHORT,all,median,21.510387299893186,,,359.0,,
A1 paper pooled (unmatched fractions),XGBoost,MEDIUM,all,mean,9.193218968995229,7.0868753756627765,11.36505343775022,884.0,iid bootstrap over runs,
A1 paper pooled (unmatched fractions),XGBoost,MEDIUM,all,median,3.8729039598213717,,,884.0,,
A1 paper pooled (unmatched fractions),XGBoost,FEW-LONG,all,mean,0.1208016942998291,-1.04610358217118,1.298246118795252,900.0,iid bootstrap over runs,
A1 paper pooled (unmatched fractions),XGBoost,FEW-LONG,all,median,0.338994999461117,,,900.0,,
A2 monotonic,Ridge,,all,monotonic count,16.0,,,17.0,,
A2 monotonic,XGBoost,,all,monotonic count,16.0,,,17.0,,
A2 monotonic,pooled,,all,monotonic count,32.0,,,34.0,,
A3 per record,Ridge,MANY-SHORT,all,mean,4.845525851999628,,,105.0,,HKZA
A3 per record,Ridge,MEDIUM,all,mean,0.6770557175837975,,,180.0,,HKZA
A3 per record,Ridge,FEW-LONG,all,mean,0.10089372717437949,,,180.0,,HKZA
A3 per record,Ridge,MANY-SHORT,all,mean,9.234342060964911,,,72.0,,HKWB
A3 per record,Ridge,MEDIUM,all,mean,0.611990953594377,,,180.0,,HKWB
A3 per record,Ridge,FEW-LONG,all,mean,-0.0771368157612761,,,180.0,,HKWB
A3 per record,Ridge,MANY-SHORT,all,mean,2.5353099089844076,,,65.0,,HKWA
A3 per record,Ridge,MEDIUM,all,mean,0.9642084849250413,,,178.0,,HKWA
A3 per record,Ridge,FEW-LONG,all,mean,-0.03437059101424703,,,180.0,,HKWA
A3 per record,Ridge,MANY-SHORT,all,mean,5.136986809662707,,,69.0,,HKZB
A3 per record,Ridge,MEDIUM,all,mean,1.3646298481996373,,,180.0,,HKZB
A3 per record,Ridge,FEW-LONG,all,mean,-0.10134432161119353,,,180.0,,HKZB
A3 per record,Ridge,MANY-SHORT,all,mean,2.4611173624629,,,48.0,,BUOY130
A3 per record,Ridge,MEDIUM,all,mean,0.32417416870689353,,,166.0,,BUOY130
A3 per record,Ridge,FEW-LONG,all,mean,0.07338601176576803,,,180.0,,BUOY130
A4 per fraction,Ridge,MANY-SHORT,0.05,mean,2.7624628298090315,,,287.0,,
A4 per fraction,Ridge,MANY-SHORT,0.05,median,1.6831889245962794,,,287.0,,
A4 per fraction,Ridge,MANY-SHORT,0.10,mean,14.141762195044095,,,72.0,,
A4 per fraction,Ridge,MANY-SHORT,0.10,median,7.936305981418601,,,72.0,,
A4 per fraction,Ridge,MEDIUM,0.05,mean,0.14529123164821503,,,300.0,,
A4 per fraction,Ridge,MEDIUM,0.05,median,0.08568662368221265,,,300.0,,
A4 per fraction,Ridge,MEDIUM,0.10,mean,0.22464556395442936,,,300.0,,
A4 per fraction,Ridge,MEDIUM,0.10,median,0.20431793451954333,,,300.0,,
A4 per fraction,Ridge,MEDIUM,0.20,mean,2.0849392856662483,,,284.0,,
A4 per fraction,Ridge,MEDIUM,0.20,median,0.8514587366299065,,,284.0,,
A4 per fraction,Ridge,FEW-LONG,0.05,mean,-0.08504514549035366,,,300.0,,
A4 per fraction,Ridge,FEW-LONG,0.05,median,-0.01698797405183525,,,300.0,,
A4 per fraction,Ridge,FEW-LONG,0.10,mean,-0.1631685846483244,,,300.0,,
A4 per fraction,Ridge,FEW-LONG,0.10,median,-0.10953459517443745,,,300.0,,
A4 per fraction,Ridge,FEW-LONG,0.20,mean,0.22507053647073658,,,300.0,,
A4 per fraction,Ridge,FEW-LONG,0.20,median,0.14999583131278799,,,300.0,,
A4 per fraction,XGBoost,MANY-SHORT,0.05,mean,31.693799056427032,,,287.0,,
A4 per fraction,XGBoost,MANY-SHORT,0.05,median,15.172046893282063,,,287.0,,
A4 per fraction,XGBoost,MANY-SHORT,0.10,mean,156.8068141615719,,,72.0,,
A4 per fraction,XGBoost,MANY-SHORT,0.10,median,53.188883035570655,,,72.0,,
A4 per fraction,XGBoost,MEDIUM,0.05,mean,4.251416097440078,,,300.0,,
A4 per fraction,XGBoost,MEDIUM,0.05,median,2.8201125211681166,,,300.0,,
A4 per fraction,XGBoost,MEDIUM,0.10,mean,3.4933583792793774,,,300.0,,
A4 per fraction,XGBoost,MEDIUM,0.10,median,3.3544267976996727,,,300.0,,
A4 per fraction,XGBoost,MEDIUM,0.20,mean,20.43441276611248,,,284.0,,
A4 per fraction,XGBoost,MEDIUM,0.20,median,9.19615717276768,,,284.0,,
A4 per fraction,XGBoost,FEW-LONG,0.05,mean,0.7569764940929659,,,300.0,,
A4 per fraction,XGBoost,FEW-LONG,0.05,median,0.4283148096452023,,,300.0,,
A4 per fraction,XGBoost,FEW-LONG,0.10,mean,-1.6032363983605913,,,300.0,,
A4 per fraction,XGBoost,FEW-LONG,0.10,median,-0.00976670971994945,,,300.0,,
A4 per fraction,XGBoost,FEW-LONG,0.20,mean,1.208664987167113,,,300.0,,
A4 per fraction,XGBoost,FEW-LONG,0.20,median,0.5891589376382127,,,300.0,,
A5 survival,Ridge,MANY-SHORT,0.05,surviving runs,287.0,,,300.0,,
A5 survival,Ridge,MANY-SHORT,0.10,surviving runs,72.0,,,300.0,,
A5 survival,Ridge,MANY-SHORT,0.20,surviving runs,0.0,,,300.0,,
A5 survival,Ridge,MEDIUM,0.05,surviving runs,300.0,,,300.0,,
A5 survival,Ridge,MEDIUM,0.10,surviving runs,300.0,,,300.0,,
A5 survival,Ridge,MEDIUM,0.20,surviving runs,284.0,,,300.0,,
A5 survival,Ridge,FEW-LONG,0.05,surviving runs,300.0,,,300.0,,
A5 survival,Ridge,FEW-LONG,0.10,surviving runs,300.0,,,300.0,,
A5 survival,Ridge,FEW-LONG,0.20,surviving runs,300.0,,,300.0,,
A5 survival,XGBoost,MANY-SHORT,0.05,surviving runs,287.0,,,300.0,,
A5 survival,XGBoost,MANY-SHORT,0.10,surviving runs,72.0,,,300.0,,
A5 survival,XGBoost,MANY-SHORT,0.20,surviving runs,0.0,,,300.0,,
A5 survival,XGBoost,MEDIUM,0.05,surviving runs,300.0,,,300.0,,
A5 survival,XGBoost,MEDIUM,0.10,surviving runs,300.0,,,300.0,,
A5 survival,XGBoost,MEDIUM,0.20,surviving runs,284.0,,,300.0,,
A5 survival,XGBoost,FEW-LONG,0.05,surviving runs,300.0,,,300.0,,
A5 survival,XGBoost,FEW-LONG,0.10,surviving runs,300.0,,,300.0,,
A5 survival,XGBoost,FEW-LONG,0.20,surviving runs,300.0,,,300.0,,
A6 common support,Ridge,MANY-SHORT,complete cells,mean of cell means,9.533009752375472,4.090543520431078,16.716835306244267,17.0,iid bootstrap over cells,
A6 common support,Ridge,MEDIUM,complete cells,mean of cell means,0.18940813313636698,0.09078623345609971,0.28870161145538326,17.0,iid bootstrap over cells,
A6 common support,Ridge,FEW-LONG,complete cells,mean of cell means,-0.11004915688875516,-0.16643252996893507,-0.05353522372531168,17.0,iid bootstrap over cells,
A6 common support,XGBoost,MANY-SHORT,complete cells,mean of cell means,94.25662107506989,36.94878933598899,174.6397997557178,17.0,iid bootstrap over cells,
A6 common support,XGBoost,MEDIUM,complete cells,mean of cell means,4.393148158380755,2.575208677702286,6.256020851523232,17.0,iid bootstrap over cells,
A6 common support,XGBoost,FEW-LONG,complete cells,mean of cell means,-0.15579749207403926,-0.9794092679656901,0.5732853740192011,17.0,iid bootstrap over cells,
A7 test growth,all runs,MANY-SHORT,all,median,3.2698961937716264,,,,,
A7 test growth,all runs,MEDIUM,all,median,1.4914872443477067,,,,,
A7 test growth,all runs,FEW-LONG,all,median,1.0755885997521686,,,,,
A7 test growth,Ridge,MANY-SHORT,all,median,3.2698961937716264,,,,,
A7 test growth,Ridge,MEDIUM,all,median,1.4914872443477067,,,,,
A7 test growth,Ridge,FEW-LONG,all,median,1.0755885997521686,,,,,
A7 test growth,XGBoost,MANY-SHORT,all,median,3.2698961937716264,,,,,
A7 test growth,XGBoost,MEDIUM,all,median,1.4914872443477067,,,,,
A7 test growth,XGBoost,FEW-LONG,all,median,1.0755885997521686,,,,,
A9 cells excluding zero,Ridge,MANY-SHORT,complete cells,count iid,16.0,,,17.0,,
A9 cells excluding zero,Ridge,MANY-SHORT,complete cells,count origin-cluster,17.0,,,17.0,,
A9 cells excluding zero,XGBoost,MANY-SHORT,complete cells,count iid,16.0,,,17.0,,
A9 cells excluding zero,XGBoost,MANY-SHORT,complete cells,count origin-cluster,16.0,,,17.0,,
"B0 unmatched, cluster CI",Ridge,MANY-SHORT,all,mean,5.044662145399351,3.1396415101444526,7.328716565313379,359.0,"cluster bootstrap over (record, origin)",
"B0 unmatched, cluster CI",Ridge,MANY-SHORT,all,median,2.1284680567106307,,,359.0,,
"B0 unmatched, cluster CI",Ridge,MANY-SHORT,all,mean,5.044662145399351,3.200769440454297,6.912823418686748,359.0,origin bootstrap stratified by record,
"B0 unmatched, cluster CI",Ridge,MEDIUM,all,mean,0.79536628485295,0.4166751186128257,1.2251822420065204,884.0,"cluster bootstrap over (record, origin)",
"B0 unmatched, cluster CI",Ridge,MEDIUM,all,median,0.22989598591734434,,,884.0,,
"B0 unmatched, cluster CI",Ridge,MEDIUM,all,mean,0.79536628485295,0.41979690405852643,1.1588567969806418,884.0,origin bootstrap stratified by record,
"B0 unmatched, cluster CI",Ridge,FEW-LONG,all,mean,-0.007714397889313843,-0.12555228223715212,0.10411316032261776,900.0,"cluster bootstrap over (record, origin)",
"B0 unmatched, cluster CI",Ridge,FEW-LONG,all,median,-0.0076343111345744,,,900.0,,
"B0 unmatched, cluster CI",Ridge,FEW-LONG,all,mean,-0.007714397889313843,-0.12598719683659707,0.10704329041198841,900.0,origin bootstrap stratified by record,
"B0 unmatched, cluster CI",XGBoost,MANY-SHORT,all,mean,56.786102921525725,28.538504507704893,91.5397880330361,359.0,"cluster bootstrap over (record, origin)",
"B0 unmatched, cluster CI",XGBoost,MANY-SHORT,all,median,21.510387299893186,,,359.0,,
"B0 unmatched, cluster CI",XGBoost,MANY-SHORT,all,mean,56.786102921525725,30.192294223316527,85.4084696204044,359.0,origin bootstrap stratified by record,
"B0 unmatched, cluster CI",XGBoost,MEDIUM,all,mean,9.193218968995229,5.357589525066898,13.612478558685982,884.0,"cluster bootstrap over (record, origin)",
"B0 unmatched, cluster CI",XGBoost,MEDIUM,all,median,3.8729039598213717,,,884.0,,
"B0 unmatched, cluster CI",XGBoost,MEDIUM,all,mean,9.193218968995229,5.843024992022441,12.778751687411587,884.0,origin bootstrap stratified by record,
"B0 unmatched, cluster CI",XGBoost,FEW-LONG,all,mean,0.1208016942998291,-1.592326034002066,1.709164122332697,900.0,"cluster bootstrap over (record, origin)",
"B0 unmatched, cluster CI",XGBoost,FEW-LONG,all,median,0.338994999461117,,,900.0,,
"B0 unmatched, cluster CI",XGBoost,FEW-LONG,all,mean,0.1208016942998291,-1.4927271620953417,1.6799712179475408,900.0,origin bootstrap stratified by record,
B1 matched 5%+10%,Ridge,MANY-SHORT,5%+10%,mean,5.044662145399351,3.1396415101444526,7.328716565313379,359.0,"cluster bootstrap over (record, origin)",
B1 matched 5%+10%,Ridge,MANY-SHORT,5%+10%,median,2.1284680567106307,,,359.0,,
B1 matched 5%+10%,Ridge,MANY-SHORT,5%+10%,mean,5.044662145399351,3.200769440454297,6.912823418686748,359.0,origin bootstrap stratified by record,
B1 matched 5%+10%,Ridge,MEDIUM,5%+10%,mean,0.1849683978013222,0.04174256816292337,0.3096147710094593,600.0,"cluster bootstrap over (record, origin)",
B1 matched 5%+10%,Ridge,MEDIUM,5%+10%,median,0.12424390655489945,,,600.0,,
B1 matched 5%+10%,Ridge,MEDIUM,5%+10%,mean,0.1849683978013222,0.07356916416460176,0.30225473773887934,600.0,origin bootstrap stratified by record,
B1 matched 5%+10%,Ridge,FEW-LONG,5%+10%,mean,-0.12410686506933905,-0.1992930457454345,-0.055294183857332056,600.0,"cluster bootstrap over (record, origin)",
B1 matched 5%+10%,Ridge,FEW-LONG,5%+10%,median,-0.038826981008765554,,,600.0,,
B1 matched 5%+10%,Ridge,FEW-LONG,5%+10%,mean,-0.12410686506933905,-0.18232583635723448,-0.062094493530689535,600.0,origin bootstrap stratified by record,
B1 matched 5%+10%,XGBoost,MANY-SHORT,5%+10%,mean,56.786102921525725,28.538504507704893,91.5397880330361,359.0,"cluster bootstrap over (record, origin)",
B1 matched 5%+10%,XGBoost,MANY-SHORT,5%+10%,median,21.510387299893186,,,359.0,,
B1 matched 5%+10%,XGBoost,MANY-SHORT,5%+10%,mean,56.786102921525725,30.192294223316527,85.4084696204044,359.0,origin bootstrap stratified by record,
B1 matched 5%+10%,XGBoost,MEDIUM,5%+10%,mean,3.8723872383597278,1.3437298652697198,6.157707752334624,600.0,"cluster bootstrap over (record, origin)",
B1 matched 5%+10%,XGBoost,MEDIUM,5%+10%,median,3.0310886682444877,,,600.0,,
B1 matched 5%+10%,XGBoost,MEDIUM,5%+10%,mean,3.8723872383597278,1.6263375033909677,6.022263701254189,600.0,origin bootstrap stratified by record,
B1 matched 5%+10%,XGBoost,FEW-LONG,5%+10%,mean,-0.42312995213381277,-1.303888641043989,0.39158315086262674,600.0,"cluster bootstrap over (record, origin)",
B1 matched 5%+10%,XGBoost,FEW-LONG,5%+10%,median,0.3067419248225063,,,600.0,,
B1 matched 5%+10%,XGBoost,FEW-LONG,5%+10%,mean,-0.42312995213381277,-1.2954932324945172,0.3301844653168576,600.0,origin bootstrap stratified by record,
B1 matched 5%+10%,Ridge,MANY-SHORT - FEW-LONG,5%+10%,mean difference,5.16876901046869,3.2356044328037687,7.439000205840115,959.0,"paired cluster bootstrap over (record, origin)",
B1 matched 5%+10%,XGBoost,MANY-SHORT - FEW-LONG,5%+10%,mean difference,57.20923287365954,28.77556927324762,91.84822863256149,959.0,"paired cluster bootstrap over (record, origin)",
B1 fraction 0.05,Ridge,MANY-SHORT,0.05,mean,2.7624628298090315,1.9352287844055736,3.678308792958077,287.0,"cluster bootstrap over (record, origin)",
B1 fraction 0.05,Ridge,MANY-SHORT,0.05,median,1.6831889245962794,,,287.0,,
B1 fraction 0.05,Ridge,MEDIUM,0.05,mean,0.14529123164821503,-0.016305373936271267,0.3069774704262299,300.0,"cluster bootstrap over (record, origin)",
B1 fraction 0.05,Ridge,MEDIUM,0.05,median,0.08568662368221265,,,300.0,,
B1 fraction 0.05,Ridge,FEW-LONG,0.05,mean,-0.08504514549035366,-0.166764711511708,-0.010385209223102779,300.0,"cluster bootstrap over (record, origin)",
B1 fraction 0.05,Ridge,FEW-LONG,0.05,median,-0.01698797405183525,,,300.0,,
B1 fraction 0.05,XGBoost,MANY-SHORT,0.05,mean,31.693799056427032,19.830002165024943,45.730597875857214,287.0,"cluster bootstrap over (record, origin)",
B1 fraction 0.05,XGBoost,MANY-SHORT,0.05,median,15.172046893282063,,,287.0,,
B1 fraction 0.05,XGBoost,MEDIUM,0.05,mean,4.251416097440078,1.4772675558902806,7.031285144074854,300.0,"cluster bootstrap over (record, origin)",
B1 fraction 0.05,XGBoost,MEDIUM,0.05,median,2.8201125211681166,,,300.0,,
B1 fraction 0.05,XGBoost,FEW-LONG,0.05,mean,0.7569764940929659,0.2526144633900706,1.2985789634109766,300.0,"cluster bootstrap over (record, origin)",
B1 fraction 0.05,XGBoost,FEW-LONG,0.05,median,0.4283148096452023,,,300.0,,
B1 fraction 0.05,Ridge,MANY-SHORT - FEW-LONG,0.05,mean difference,2.847507975299385,2.0312960975497556,3.742725334120637,587.0,"paired cluster bootstrap over (record, origin)",
B1 fraction 0.05,XGBoost,MANY-SHORT - FEW-LONG,0.05,mean difference,30.936822562334065,19.257734851502292,44.58897211575975,587.0,"paired cluster bootstrap over (record, origin)",
B1 fraction 0.10,Ridge,MANY-SHORT,0.10,mean,14.141762195044095,7.346006648883643,23.484993718755025,72.0,"cluster bootstrap over (record, origin)",
B1 fraction 0.10,Ridge,MANY-SHORT,0.10,median,7.936305981418601,,,72.0,,
B1 fraction 0.10,Ridge,MEDIUM,0.10,mean,0.22464556395442936,-0.024996170334380043,0.45572397861240077,300.0,"cluster bootstrap over (record, origin)",
B1 fraction 0.10,Ridge,MEDIUM,0.10,median,0.20431793451954333,,,300.0,,
B1 fraction 0.10,Ridge,FEW-LONG,0.10,mean,-0.1631685846483244,-0.300354073616288,-0.025390946971079152,300.0,"cluster bootstrap over (record, origin)",
B1 fraction 0.10,Ridge,FEW-LONG,0.10,median,-0.10953459517443745,,,300.0,,
B1 fraction 0.10,XGBoost,MANY-SHORT,0.10,mean,156.8068141615719,62.00643284767215,296.7717900980063,72.0,"cluster bootstrap over (record, origin)",
B1 fraction 0.10,XGBoost,MANY-SHORT,0.10,median,53.188883035570655,,,72.0,,
B1 fraction 0.10,XGBoost,MEDIUM,0.10,mean,3.4933583792793774,-0.6424558998973134,7.40529742250823,300.0,"cluster bootstrap over (record, origin)",
B1 fraction 0.10,XGBoost,MEDIUM,0.10,median,3.3544267976996727,,,300.0,,
B1 fraction 0.10,XGBoost,FEW-LONG,0.10,mean,-1.6032363983605913,-3.45747364686591,0.013436240708709465,300.0,"cluster bootstrap over (record, origin)",
B1 fraction 0.10,XGBoost,FEW-LONG,0.10,median,-0.00976670971994945,,,300.0,,
B1 fraction 0.10,Ridge,MANY-SHORT - FEW-LONG,0.10,mean difference,14.30493077969242,7.439537706692316,23.691639833579544,372.0,"paired cluster bootstrap over (record, origin)",
B1 fraction 0.10,XGBoost,MANY-SHORT - FEW-LONG,0.10,mean difference,158.4100505599325,62.94422517615696,299.6200972270379,372.0,"paired cluster bootstrap over (record, origin)",
B2 common support,Ridge,MANY-SHORT,complete cells,mean of cell means,9.533009752375472,4.5934765438768075,12.365447861434882,17.0,"cluster bootstrap over (record, origin)",
B2 common support,Ridge,MEDIUM,complete cells,mean of cell means,0.18940813313636698,0.06063679056656245,0.314082653737417,17.0,"cluster bootstrap over (record, origin)",
B2 common support,Ridge,FEW-LONG,complete cells,mean of cell means,-0.11004915688875516,-0.17987466940136893,-0.0365021286584299,17.0,"cluster bootstrap over (record, origin)",
B2 common support,XGBoost,MANY-SHORT,complete cells,mean of cell means,94.25662107506989,40.01687014532692,119.61464042330554,17.0,"cluster bootstrap over (record, origin)",
B2 common support,XGBoost,MEDIUM,complete cells,mean of cell means,4.393148158380755,2.6079232838344995,6.283377638038944,17.0,"cluster bootstrap over (record, origin)",
B2 common support,XGBoost,FEW-LONG,complete cells,mean of cell means,-0.15579749207403926,-1.2392229664832355,0.6985411438520487,17.0,"cluster bootstrap over (record, origin)",
B3 reliability,Ridge,,all,reliable runs,1908.0,,,2143.0,,
B3 reliability,Ridge,,all,honest skill < -100,1.0,,,2143.0,,
B3 reliability,Ridge,,all,|bias| > 50,3.0,,,2143.0,,
B3 reliability,Ridge,,all,rp_h_over_intact outside,234.0,,,2143.0,,
B3 reliability,XGBoost,,all,reliable runs,1524.0,,,2143.0,,
B3 reliability,XGBoost,,all,honest skill < -100,158.0,,,2143.0,,
B3 reliability,XGBoost,,all,|bias| > 50,180.0,,,2143.0,,
B3 reliability,XGBoost,,all,rp_h_over_intact outside,234.0,,,2143.0,,
B4 reliable matched 5%+10%,Ridge,MANY-SHORT,5%+10%,mean,4.070035929283935,3.047869339419657,5.047714835763991,299.0,"cluster bootstrap over (record, origin)",
B4 reliable matched 5%+10%,Ridge,MANY-SHORT,5%+10%,median,2.2094851118956926,,,299.0,,
B4 reliable matched 5%+10%,Ridge,MEDIUM,5%+10%,mean,0.20834533234966413,0.08211749559018151,0.3293332668569709,543.0,"cluster bootstrap over (record, origin)",
B4 reliable matched 5%+10%,Ridge,MEDIUM,5%+10%,median,0.1513460063137905,,,543.0,,
B4 reliable matched 5%+10%,Ridge,FEW-LONG,5%+10%,mean,-0.12334163997103383,-0.2108021869161392,-0.04852876389618722,555.0,"cluster bootstrap over (record, origin)",
B4 reliable matched 5%+10%,Ridge,FEW-LONG,5%+10%,median,-0.0306812643956932,,,555.0,,
B4 reliable matched 5%+10%,XGBoost,MANY-SHORT,5%+10%,mean,11.464890500776347,6.572379846617562,15.302731298703316,189.0,"cluster bootstrap over (record, origin)",
B4 reliable matched 5%+10%,XGBoost,MANY-SHORT,5%+10%,median,11.40640622230524,,,189.0,,
B4 reliable matched 5%+10%,XGBoost,MEDIUM,5%+10%,mean,0.7600143714237633,-2.1828325446410655,3.2661898620175482,469.0,"cluster bootstrap over (record, origin)",
B4 reliable matched 5%+10%,XGBoost,MEDIUM,5%+10%,median,2.5871201592516666,,,469.0,,
B4 reliable matched 5%+10%,XGBoost,FEW-LONG,5%+10%,mean,-0.6837933548545845,-1.8997388597458484,0.29130995101609,493.0,"cluster bootstrap over (record, origin)",
B4 reliable matched 5%+10%,XGBoost,FEW-LONG,5%+10%,median,0.3699347273755204,,,493.0,,
B4 reliable matched 5%+10%,Ridge,MANY-SHORT - FEW-LONG,5%+10%,mean difference,4.193377569254968,3.1703353855354455,5.219715035251158,854.0,"paired cluster bootstrap over (record, origin)",
B4 reliable matched 5%+10%,XGBoost,MANY-SHORT - FEW-LONG,5%+10%,mean difference,12.148683855630932,7.593050848552646,15.724812370777682,682.0,"paired cluster bootstrap over (record, origin)",
B4 monotonic reliable,Ridge,,all,monotonic count,14.0,,,14.0,,
B4 monotonic reliable,XGBoost,,all,monotonic count,8.0,,,12.0,,
