record,kind,start,end,span_days,intervals,samples,missing,missing_pct,segments,longest_run_days,n_sentinel,n_bad,n_absent,apparent_longest_run_days,units
BSB,platform,2020-06-13 00:00:00,2020-11-09 23:50:00,150.0,21600,21321,279,1.29,148,19.6,273,273,6,66.5,733 from 2020-06-13
HKN,platform,2023-08-09 04:30:00,2024-01-05 23:50:00,149.8,21573,20939,634,2.94,257,13.5,466,466,168,91.2,1150 from 2023-08-09
HKWA,platform,2023-11-12 00:00:00,2024-04-09 23:50:00,150.0,21600,21395,205,0.95,56,27.8,114,114,91,117.4,1288 from 2023-11-12
HKWA base,injection base,2023-12-19 03:40:00,2024-01-15 23:20:00,27.8,4007,4007,0,0.0,1,27.8,,,,,
HKWB,platform,2025-07-21 00:00:00,2025-12-17 23:50:00,150.0,21600,21403,197,0.91,94,31.0,144,144,53,106.8,2266 from 2025-07-21
HKWB base,injection base,2025-08-29 05:30:00,2025-09-29 04:30:00,31.0,4459,4459,0,0.0,1,31.0,,,,,
HKZA,platform,2024-07-17 13:00:00,2024-12-13 23:50:00,149.5,21522,21466,56,0.26,18,49.8,26,26,30,102.6,934 from 2024-07-17
HKZA base,injection base,2024-07-19 00:00:00,2024-09-06 18:10:00,49.8,7166,7166,0,0.0,1,49.8,,,,,
HKZB,platform,2024-12-12 13:30:00,2025-05-10 23:50:00,149.4,21519,21259,260,1.21,34,25.6,69,70,190,89.8,973 from 2024-12-12; 1150 from 2025-03-18
HKZB base,injection base,2025-01-16 03:50:00,2025-02-10 18:00:00,25.6,3686,3686,0,0.0,1,25.6,,,,,
D2 base (raw),injection base,2024-05-28 09:20:00,2024-06-15 04:50:00,17.8,2566,2566,0,0.0,1,17.8,,,,,
D2 base (interpolated),injection base,2024-05-26 12:00:00,2024-07-07 23:50:00,42.5,6120,6120,0,0.0,1,42.5,,,,,
