dataset,horizon,model,skill_honest,skill_naive,bias,n_test_honest,n_test_naive,n_test_naive_unaligned
D1 ZephIR (contiguous),1,Ridge,9.6,9.6,0.0,2084,2084,2145
D1 ZephIR (contiguous),1,RandomForest,3.31,3.31,-0.0,2084,2084,2145
D1 ZephIR (contiguous),1,XGBoost,1.02,1.02,0.0,2084,2084,2145
D1 ZephIR (contiguous),1,LSTM,-29.08,-29.08,0.0,2084,2084,2145
D1 ZephIR (contiguous),10,Ridge,9.52,9.52,0.0,2073,2073,2143
D1 ZephIR (contiguous),10,RandomForest,-3.91,-3.91,0.0,2073,2073,2143
D1 ZephIR (contiguous),10,XGBoost,-7.88,-7.88,0.0,2073,2073,2143
D1 ZephIR (contiguous),10,LSTM,-10.39,-10.39,0.0,2073,2073,2143
D1 ZephIR (contiguous),30,Ridge,8.72,8.72,0.0,2048,2048,2138
D1 ZephIR (contiguous),30,RandomForest,-17.73,-17.73,0.0,2048,2048,2138
D1 ZephIR (contiguous),30,XGBoost,-16.1,-16.1,0.0,2048,2048,2138
D1 ZephIR (contiguous),30,LSTM,-5.96,-5.96,0.0,2048,2048,2138
D2 WFIP3 Buoy (few long gaps),1,Ridge,-0.48,-0.3,0.18,5124,5124,5433
D2 WFIP3 Buoy (few long gaps),1,RandomForest,-3.08,-9.33,-6.24,5124,5124,5433
D2 WFIP3 Buoy (few long gaps),1,XGBoost,-2.36,-8.6,-6.24,5124,5124,5433
D2 WFIP3 Buoy (few long gaps),1,LSTM,-57.16,-50.13,7.03,5124,5124,5433
D2 WFIP3 Buoy (few long gaps),3,Ridge,-0.45,-0.49,-0.04,5113,5113,5432
D2 WFIP3 Buoy (few long gaps),3,RandomForest,-2.03,-15.29,-13.26,5113,5113,5432
D2 WFIP3 Buoy (few long gaps),3,XGBoost,-3.05,-10.91,-7.86,5113,5113,5432
D2 WFIP3 Buoy (few long gaps),3,LSTM,-16.26,-8.85,7.41,5113,5113,5432
D2 WFIP3 Buoy (few long gaps),6,Ridge,0.17,0.38,0.21,5096,5096,5431
D2 WFIP3 Buoy (few long gaps),6,RandomForest,-0.35,-6.21,-5.86,5096,5096,5431
D2 WFIP3 Buoy (few long gaps),6,XGBoost,-1.51,-5.56,-4.05,5096,5096,5431
D2 WFIP3 Buoy (few long gaps),6,LSTM,-8.74,-8.44,0.3,5096,5096,5431
D3 Onshore (many short gaps),1,Ridge,1.98,2.68,0.7,3394,7574,9784
D3 Onshore (many short gaps),1,RandomForest,1.36,3.45,2.09,3394,7574,9784
D3 Onshore (many short gaps),1,XGBoost,1.17,4.99,3.81,3394,7574,9784
D3 Onshore (many short gaps),1,LSTM,-27.79,-4.44,23.35,3394,7574,9784
D3 Onshore (many short gaps),3,Ridge,2.89,5.51,2.61,3287,7545,9783
D3 Onshore (many short gaps),3,RandomForest,1.65,6.12,4.47,3287,7545,9783
D3 Onshore (many short gaps),3,XGBoost,-0.53,6.15,6.68,3287,7545,9783
D3 Onshore (many short gaps),3,LSTM,-12.53,2.1,14.63,3287,7545,9783
D3 Onshore (many short gaps),6,Ridge,5.12,8.57,3.44,3133,7077,9783
D3 Onshore (many short gaps),6,RandomForest,2.62,9.0,6.38,3133,7077,9783
D3 Onshore (many short gaps),6,XGBoost,0.0,8.6,8.6,3133,7077,9783
D3 Onshore (many short gaps),6,LSTM,-5.69,2.43,8.12,3133,7077,9783
