section,key,value,source
Table I,D1 n,8639,data_section_statistics.csv
Table I,D1 span_days,6.0,data_section_statistics.csv
Table I,D1 completeness,100.0,data_section_statistics.csv
Table I,D1 mean,9.78,data_section_statistics.csv
Table I,D1 sd,2.58,data_section_statistics.csv
Table I,D1 segments,1,data_section_statistics.csv
Table I,D1 n_gaps,0,data_section_statistics.csv
Table I,D1 pct_after_gap,0.0,data_section_statistics.csv
Table I,D1 gap_p95,-,data_section_statistics.csv
Table I,D1 gap_max,-,data_section_statistics.csv
Table I,D2 n,21790,data_section_statistics.csv
Table I,D2 span_days,170.8,data_section_statistics.csv
Table I,D2 completeness,88.6,data_section_statistics.csv
Table I,D2 mean,7.89,data_section_statistics.csv
Table I,D2 sd,3.59,data_section_statistics.csv
Table I,D2 segments,24,data_section_statistics.csv
Table I,D2 n_gaps,23,data_section_statistics.csv
Table I,D2 pct_after_gap,0.11,data_section_statistics.csv
Table I,D2 gap_p95,3 d 17.1 h,data_section_statistics.csv
Table I,D2 gap_max,4 d 0.0 h,data_section_statistics.csv
Table I,D3 n,39195,data_section_statistics.csv
Table I,D3 span_days,364.9,data_section_statistics.csv
Table I,D3 completeness,74.58,data_section_statistics.csv
Table I,D3 mean,6.86,data_section_statistics.csv
Table I,D3 sd,2.07,data_section_statistics.csv
Table I,D3 segments,1363,data_section_statistics.csv
Table I,D3 n_gaps,1362,data_section_statistics.csv
Table I,D3 pct_after_gap,3.47,data_section_statistics.csv
Table I,D3 gap_p95,6.2 h,data_section_statistics.csv
Table I,D3 gap_max,3 d 5.7 h,data_section_statistics.csv
II-B,KNMI missing % range,0.26-2.94,knmi_record_statistics.csv
II-B,KNMI segment range,18-257,knmi_record_statistics.csv
II-B,BSB missing % / segments,1.29 / 148,knmi_record_statistics.csv
II-B,HKZB missing % / segments,1.21 / 34,knmi_record_statistics.csv
Table III,D1 H=1 A / C / bias [CI],"+1.02 / +1.02 / +0.00 [+0.00, +0.00]",artifact_aligned.csv
Table III,D1 H=1 DM p A / C,0.5590 / 0.5590,artifact_aligned.csv
Table III,D1 H=10 A / C / bias [CI],"-7.88 / -7.88 / +0.00 [+0.00, +0.00]",artifact_aligned.csv
Table III,D1 H=10 DM p A / C,0.0206 / 0.0206,artifact_aligned.csv
Table III,D1 H=30 A / C / bias [CI],"-16.10 / -16.10 / +0.00 [+0.00, +0.00]",artifact_aligned.csv
Table III,D1 H=30 DM p A / C,0.0126 / 0.0126,artifact_aligned.csv
Table III,D2 H=1 A / C / bias [CI],"-2.36 / -8.60 / -6.24 [-17.70, +0.03]",artifact_aligned.csv
Table III,D2 H=1 DM p A / C,0.0015 / 0.0399,artifact_aligned.csv
Table III,D2 H=3 A / C / bias [CI],"-3.05 / -10.91 / -7.86 [-21.15, -0.06]",artifact_aligned.csv
Table III,D2 H=3 DM p A / C,0.0079 / 0.0377,artifact_aligned.csv
Table III,D2 H=6 A / C / bias [CI],"-1.51 / -5.56 / -4.05 [-11.12, +0.01]",artifact_aligned.csv
Table III,D2 H=6 DM p A / C,0.5400 / 0.0661,artifact_aligned.csv
Table III,D3 H=1 A / C / bias [CI],"+1.17 / +4.99 / +3.81 [+1.40, +6.36]",artifact_aligned.csv
Table III,D3 H=1 DM p A / C,0.2050 / 0.0000,artifact_aligned.csv
Table III,D3 H=3 A / C / bias [CI],"-0.53 / +6.15 / +6.68 [+3.90, +9.38]",artifact_aligned.csv
Table III,D3 H=3 DM p A / C,0.7260 / 0.0000,artifact_aligned.csv
Table III,D3 H=6 A / C / bias [CI],"+0.00 / +8.60 / +8.60 [+4.39, +12.99]",artifact_aligned.csv
Table III,D3 H=6 DM p A / C,0.9980 / 0.0000,artifact_aligned.csv
IV-A,D1 max |bias|,0.0,artifact_aligned.csv
IV-A,CIs excluding zero,4,artifact_aligned.csv
IV-A,sign reversals,1,artifact_aligned.csv
IV-A,max |B-A|,0.19,artifact_aligned.csv
III-E,max CI width change at block 25/100 (%),16.9767,artifact_aligned.csv
III-D,D3 test rows naive vs gap-aware (H=1),7574 vs 3394,artifact_aligned.csv
III-D,D1 drift days,0.04-0.06,artifact_audit.csv
III-D,D1 max |window artifact|,1.11,artifact_audit.csv
II-A,D1 gap-valid retention % by H,100.0 / 100.0 / 100.0,artifact_audit.csv
III-D,D2 drift days,2.15-2.33,artifact_audit.csv
III-D,D2 max |window artifact|,1.37,artifact_audit.csv
II-A,D2 gap-valid retention % by H,95.0 / 94.8 / 94.6,artifact_audit.csv
III-D,D3 drift days,18.05-22.65,artifact_audit.csv
III-D,D3 max |window artifact|,0.59,artifact_audit.csv
II-A,D3 gap-valid retention % by H,35.1 / 34.0 / 32.5,artifact_audit.csv
Table IV,D1 H=1 B-A / D-B / C-D / C-A,+0.00 / +0.00 / +0.00 / +0.00,artifact_decomposition.csv
Table IV,D1 H=10 B-A / D-B / C-D / C-A,+0.00 / +0.00 / +0.00 / +0.00,artifact_decomposition.csv
Table IV,D1 H=30 B-A / D-B / C-D / C-A,+0.00 / +0.00 / +0.00 / +0.00,artifact_decomposition.csv
Table IV,D2 H=1 B-A / D-B / C-D / C-A,+0.00 / -6.24 / +0.00 / -6.24,artifact_decomposition.csv
Table IV,D2 H=3 B-A / D-B / C-D / C-A,+0.00 / -7.86 / +0.00 / -7.86,artifact_decomposition.csv
Table IV,D2 H=6 B-A / D-B / C-D / C-A,+0.00 / -4.05 / +0.00 / -4.05,artifact_decomposition.csv
Table IV,D3 H=1 B-A / D-B / C-D / C-A,+0.00 / +2.80 / +1.02 / +3.81,artifact_decomposition.csv
Table IV,D3 H=3 B-A / D-B / C-D / C-A,+0.00 / +3.06 / +3.62 / +6.68,artifact_decomposition.csv
Table IV,D3 H=6 B-A / D-B / C-D / C-A,-0.19 / +4.57 / +4.22 / +8.60,artifact_decomposition.csv
IV-B,D3 composition GB,+1.02 / +3.62 / +4.22,artifact_decomposition.csv
IV-B,D3 composition Ridge,+0.89 / +2.67 / +3.67,artifact_decomposition.csv
IV-B,D3 composition GB-Ridge max |diff|,0.95,artifact_decomposition.csv
IV-B,D3 composition GB-Ridge mean |diff|,0.5433,artifact_decomposition.csv
IV-B,max |training| GB,7.86,artifact_decomposition.csv
IV-B,max |training| Ridge,0.23,artifact_decomposition.csv
IV-B,D2 naive/gap-aware training rows,1.07-1.08,artifact_decomposition.csv
IV-B,D3 naive/gap-aware training rows,3.06-3.32,artifact_decomposition.csv
IV-B,D2 shares all mean_abs (feat/train/comp %),0.0 / 100.0 / 0.0,artifact_channel_shares.csv
IV-B,D2 shares XGBoost signed_sum (feat/train/comp %),-0.0 / 100.0 / -0.0,artifact_channel_shares.csv
IV-B,D2 shares Ridge signed_sum (feat/train/comp %),0.0 / 100.0 / 0.0,artifact_channel_shares.csv
IV-B,D3 shares all mean_abs (feat/train/comp %),0.7 / 40.1 / 59.2,artifact_channel_shares.csv
IV-B,D3 shares XGBoost signed_sum (feat/train/comp %),-1.0 / 54.6 / 46.4,artifact_channel_shares.csv
IV-B,D3 shares Ridge signed_sum (feat/train/comp %),0.0 / -7.0 / 107.1,artifact_channel_shares.csv
Table V,D1 LSTM mean bias,0.0,model_generalisation_aligned.csv
Table V,D1 RandomForest mean bias,0.0,model_generalisation_aligned.csv
Table V,D1 Ridge mean bias,0.0,model_generalisation_aligned.csv
Table V,D1 XGBoost mean bias,0.0,model_generalisation_aligned.csv
Table V,D2 LSTM mean bias,4.9133,model_generalisation_aligned.csv
Table V,D2 RandomForest mean bias,-8.4533,model_generalisation_aligned.csv
Table V,D2 Ridge mean bias,0.1167,model_generalisation_aligned.csv
Table V,D2 XGBoost mean bias,-6.05,model_generalisation_aligned.csv
Table V,D3 LSTM mean bias,15.3667,model_generalisation_aligned.csv
Table V,D3 RandomForest mean bias,4.3133,model_generalisation_aligned.csv
Table V,D3 Ridge mean bias,2.25,model_generalisation_aligned.csv
Table V,D3 XGBoost mean bias,6.3633,model_generalisation_aligned.csv
IV-D,stable families agree in sign (cases of 9),7,model_generalisation_aligned.csv
IV-D,D1 LSTM bias by H,+0.00 / +0.00 / +0.00,model_generalisation_aligned.csv
IV-D,D1 LSTM gap-aware skill by H,-29.08 / -10.39 / -5.96,model_generalisation_aligned.csv
Table VI,D1 H=1 mean [CI] sign/excl,"+0.00 [+0.00, +0.00] zero/False",rolling_origin_aligned_summary.csv
Table VI,D1 H=10 mean [CI] sign/excl,"+0.00 [+0.00, +0.00] zero/False",rolling_origin_aligned_summary.csv
Table VI,D1 H=30 mean [CI] sign/excl,"+0.00 [+0.00, +0.00] zero/False",rolling_origin_aligned_summary.csv
Table VI,D2 H=1 mean [CI] sign/excl,"-3.74 [-11.69, +4.21] NO/False",rolling_origin_aligned_summary.csv
Table VI,D2 H=3 mean [CI] sign/excl,"-4.38 [-16.94, +8.19] NO/False",rolling_origin_aligned_summary.csv
Table VI,D2 H=6 mean [CI] sign/excl,"-1.25 [-4.76, +2.27] NO/False",rolling_origin_aligned_summary.csv
Table VI,D3 H=1 mean [CI] sign/excl,"+5.12 [-1.61, +11.86] yes/False",rolling_origin_aligned_summary.csv
Table VI,D3 H=3 mean [CI] sign/excl,"+7.98 [+0.29, +15.67] yes/True",rolling_origin_aligned_summary.csv
Table VI,D3 H=6 mean [CI] sign/excl,"+8.62 [+2.11, +15.13] yes/True",rolling_origin_aligned_summary.csv
Table VII,D3_ONSHORE H=1 n / pers / model / ratio [CI],"997 / 1.817 / 1.767 / 1.028 [1.012, 1.046]",gap_profile_table7.csv
Table VII,D3_ONSHORE H=3 n / pers / model / ratio [CI],"997 / 1.688 / 1.550 / 1.089 [1.065, 1.112]",gap_profile_table7.csv
Table VII,D3_ONSHORE H=6 n / pers / model / ratio [CI],"997 / 1.647 / 1.490 / 1.106 [1.074, 1.137]",gap_profile_table7.csv
Table VII,D2_BUOY H=1 n / pers / model / ratio [CI],"23 / 0.851 / 1.289 / 0.660 [0.500, 0.915]",gap_profile_table7.csv
Table VII,D2_BUOY H=3 n / pers / model / ratio [CI],"23 / 0.888 / 0.919 / 0.966 [0.755, 1.244]",gap_profile_table7.csv
Table VII,D2_BUOY H=6 n / pers / model / ratio [CI],"23 / 1.081 / 1.208 / 0.895 [0.653, 1.122]",gap_profile_table7.csv
Table VII,KNMI ratio range,0.86-1.08,gap_profile_table7.csv
Table VII,KNMI d=1 n range,16-234,gap_profile_table7.csv
IV-E,"BSB pre-gap / baseline sd, ratio, p","0.521 / 0.485, 1.075, p=0.266 (n=64)",gap_context_summary.csv
IV-E,"HKN pre-gap / baseline sd, ratio, p","0.588 / 0.556, 1.057, p=0.215 (n=107)",gap_context_summary.csv
IV-E,"HKZB pre-gap / baseline sd, ratio, p","0.446 / 0.459, 0.973, p=0.317 (n=21)",gap_context_summary.csv
IV-E,"HKWA pre-gap / baseline sd, ratio, p","0.580 / 0.504, 1.151, p=0.0312 (n=29)",gap_context_summary.csv
IV-E,"HKWB pre-gap / baseline sd, ratio, p","0.488 / 0.466, 1.046, p=0.675 (n=33)",gap_context_summary.csv
IV-E,"HKZA pre-gap / baseline sd, ratio, p","0.413 / 0.500, 0.826, p=0.277 (n=12)",gap_context_summary.csv
IV-E,"D2_BUOY pre-gap / baseline sd, ratio, p","0.485 / 0.458, 1.058, p=0.106 (n=18)",gap_context_summary.csv
IV-E,"D3_ONSHORE pre-gap / baseline sd, ratio, p","0.520 / 0.510, 1.019, p=0.54 (n=454)",gap_context_summary.csv
IV-E,"records supporting harder conditions (ratio>1, p<0.05)",1,gap_context_summary.csv
IV-E,D3 composition channel XGBoost H=1 (pp),1.02,gap_profile_numbers.csv
IV-E,D3 composition channel XGBoost H=3 (pp),3.62,gap_profile_numbers.csv
IV-E,D3 composition channel XGBoost H=6 (pp),4.22,gap_profile_numbers.csv
IV-E,Pearson r D3 d=1 ratio (new far) vs XGBoost composition,0.9996,gap_profile_numbers.csv
IV-E,Pearson r D3 d=1 ratio (legacy far) vs XGBoost composition,0.9998,gap_profile_numbers.csv
IV-E,D3 composition channel Ridge H=1 (pp),0.89,gap_profile_numbers.csv
IV-E,D3 composition channel Ridge H=3 (pp),2.67,gap_profile_numbers.csv
IV-E,D3 composition channel Ridge H=6 (pp),3.67,gap_profile_numbers.csv
IV-E,Pearson r D3 d=1 ratio (new far) vs Ridge composition,0.9879,gap_profile_numbers.csv
IV-E,Pearson r D3 d=1 ratio (legacy far) vs Ridge composition,0.9788,gap_profile_numbers.csv
IV-E,Pearson PartB(clean) vs H=1 d=1 ratio (new far) r,-0.1974,gap_profile_numbers.csv
IV-E,Pearson PartB(clean) vs H=1 d=1 ratio (new far) p,0.6393,gap_profile_numbers.csv
IV-E,Pearson PartB(clean) vs H=1 d=1 ratio (legacy far) r,-0.1942,gap_profile_numbers.csv
IV-E,Pearson PartB(clean) vs H=1 d=1 ratio (legacy far) p,0.6449,gap_profile_numbers.csv
IV-E,Pearson PartB(legacy) vs H=1 d=1 ratio (new far) r,0.1224,gap_profile_numbers.csv
IV-E,Pearson PartB(legacy) vs H=1 d=1 ratio (new far) p,0.7727,gap_profile_numbers.csv
IV-E,Pearson PartB(legacy) vs H=1 d=1 ratio (legacy far) r,0.1252,gap_profile_numbers.csv
IV-E,Pearson PartB(legacy) vs H=1 d=1 ratio (legacy far) p,0.7677,gap_profile_numbers.csv
IV-E,D3 H=1 displaced rows n,997.0,gap_profile_numbers.csv
IV-E,D3 H=1 displaced rows % of scored origins,3.0572,gap_profile_numbers.csv
IV-E,D3 H=1 persistence RMSE displaced,1.5618,gap_profile_numbers.csv
IV-E,D3 H=1 persistence RMSE not displaced,0.6677,gap_profile_numbers.csv
IV-E,D3 H=1 persistence RMSE all rows,0.7119,gap_profile_numbers.csv
IV-E,D3 H=1 penalty displaced/not displaced,2.339,gap_profile_numbers.csv
IV-E,D3 H=3 displaced rows n,2470.0,gap_profile_numbers.csv
IV-E,D3 H=3 displaced rows % of scored origins,7.5744,gap_profile_numbers.csv
IV-E,D3 H=3 persistence RMSE displaced,1.8196,gap_profile_numbers.csv
IV-E,D3 H=3 persistence RMSE not displaced,1.0425,gap_profile_numbers.csv
IV-E,D3 H=3 persistence RMSE all rows,1.1204,gap_profile_numbers.csv
IV-E,D3 H=3 penalty displaced/not displaced,1.7455,gap_profile_numbers.csv
IV-E,D3 H=6 displaced rows n,4228.0,gap_profile_numbers.csv
IV-E,D3 H=6 displaced rows % of scored origins,12.9661,gap_profile_numbers.csv
IV-E,D3 H=6 persistence RMSE displaced,1.9855,gap_profile_numbers.csv
IV-E,D3 H=6 persistence RMSE not displaced,1.3401,gap_profile_numbers.csv
IV-E,D3 H=6 persistence RMSE all rows,1.4402,gap_profile_numbers.csv
IV-E,D3 H=6 penalty displaced/not displaced,1.4817,gap_profile_numbers.csv
IV-F,A1 paper pooled (unmatched fractions) | Ridge | MANY-SHORT | all,stat=mean; value=5.044662145399351; ci_lo=3.881243266326275; ci_hi=6.405480960230672; n=359.0; ci_method=iid bootstrap over runs,injection_summary.csv
IV-F,A1 paper pooled (unmatched fractions) | Ridge | MANY-SHORT | all,stat=median; value=2.1284680567106307; n=359.0,injection_summary.csv
IV-F,A1 paper pooled (unmatched fractions) | Ridge | MEDIUM | all,stat=mean; value=0.79536628485295; ci_lo=0.5800374783757696; ci_hi=1.029958140828605; n=884.0; ci_method=iid bootstrap over runs,injection_summary.csv
IV-F,A1 paper pooled (unmatched fractions) | Ridge | MEDIUM | all,stat=median; value=0.2298959859173443; n=884.0,injection_summary.csv
IV-F,A1 paper pooled (unmatched fractions) | Ridge | FEW-LONG | all,stat=mean; value=-0.0077143978893138; ci_lo=-0.0872683277451619; ci_hi=0.0814670211285397; n=900.0; ci_method=iid bootstrap over runs,injection_summary.csv
IV-F,A1 paper pooled (unmatched fractions) | Ridge | FEW-LONG | all,stat=median; value=-0.0076343111345744; n=900.0,injection_summary.csv
IV-F,A1 paper pooled (unmatched fractions) | XGBoost | MANY-SHORT | all,stat=mean; value=56.786102921525725; ci_lo=44.69565108491571; ci_hi=70.02582801870861; n=359.0; ci_method=iid bootstrap over runs,injection_summary.csv
IV-F,A1 paper pooled (unmatched fractions) | XGBoost | MANY-SHORT | all,stat=median; value=21.510387299893186; n=359.0,injection_summary.csv
IV-F,A1 paper pooled (unmatched fractions) | XGBoost | MEDIUM | all,stat=mean; value=9.193218968995229; ci_lo=7.0868753756627765; ci_hi=11.36505343775022; n=884.0; ci_method=iid bootstrap over runs,injection_summary.csv
IV-F,A1 paper pooled (unmatched fractions) | XGBoost | MEDIUM | all,stat=median; value=3.872903959821372; n=884.0,injection_summary.csv
IV-F,A1 paper pooled (unmatched fractions) | XGBoost | FEW-LONG | all,stat=mean; value=0.1208016942998291; ci_lo=-1.04610358217118; ci_hi=1.298246118795252; n=900.0; ci_method=iid bootstrap over runs,injection_summary.csv
IV-F,A1 paper pooled (unmatched fractions) | XGBoost | FEW-LONG | all,stat=median; value=0.338994999461117; n=900.0,injection_summary.csv
IV-F,A2 monotonic | Ridge | all | monotonic count,value=16.0; n=17.0,injection_summary.csv
IV-F,A2 monotonic | XGBoost | all | monotonic count,value=16.0; n=17.0,injection_summary.csv
IV-F,A2 monotonic | pooled | all | monotonic count,value=32.0; n=34.0,injection_summary.csv
IV-F,A3 per record | Ridge | MANY-SHORT | all,stat=mean; value=4.845525851999628; n=105.0; record=HKZA,injection_summary.csv
IV-F,A3 per record | Ridge | MEDIUM | all,stat=mean; value=0.6770557175837975; n=180.0; record=HKZA,injection_summary.csv
IV-F,A3 per record | Ridge | FEW-LONG | all,stat=mean; value=0.1008937271743794; n=180.0; record=HKZA,injection_summary.csv
IV-F,A3 per record | Ridge | MANY-SHORT | all,stat=mean; value=9.234342060964911; n=72.0; record=HKWB,injection_summary.csv
IV-F,A3 per record | Ridge | MEDIUM | all,stat=mean; value=0.611990953594377; n=180.0; record=HKWB,injection_summary.csv
IV-F,A3 per record | Ridge | FEW-LONG | all,stat=mean; value=-0.0771368157612761; n=180.0; record=HKWB,injection_summary.csv
IV-F,A3 per record | Ridge | MANY-SHORT | all,stat=mean; value=2.535309908984408; n=65.0; record=HKWA,injection_summary.csv
IV-F,A3 per record | Ridge | MEDIUM | all,stat=mean; value=0.9642084849250412; n=178.0; record=HKWA,injection_summary.csv
IV-F,A3 per record | Ridge | FEW-LONG | all,stat=mean; value=-0.034370591014247; n=180.0; record=HKWA,injection_summary.csv
IV-F,A3 per record | Ridge | MANY-SHORT | all,stat=mean; value=5.136986809662707; n=69.0; record=HKZB,injection_summary.csv
IV-F,A3 per record | Ridge | MEDIUM | all,stat=mean; value=1.3646298481996373; n=180.0; record=HKZB,injection_summary.csv
IV-F,A3 per record | Ridge | FEW-LONG | all,stat=mean; value=-0.1013443216111935; n=180.0; record=HKZB,injection_summary.csv
IV-F,A3 per record | Ridge | MANY-SHORT | all,stat=mean; value=2.4611173624629; n=48.0; record=BUOY130,injection_summary.csv
IV-F,A3 per record | Ridge | MEDIUM | all,stat=mean; value=0.3241741687068935; n=166.0; record=BUOY130,injection_summary.csv
IV-F,A3 per record | Ridge | FEW-LONG | all,stat=mean; value=0.073386011765768; n=180.0; record=BUOY130,injection_summary.csv
IV-F,A4 per fraction | Ridge | MANY-SHORT | 0.05,stat=mean; value=2.7624628298090315; n=287.0,injection_summary.csv
IV-F,A4 per fraction | Ridge | MANY-SHORT | 0.05,stat=median; value=1.6831889245962794; n=287.0,injection_summary.csv
IV-F,A4 per fraction | Ridge | MANY-SHORT | 0.10,stat=mean; value=14.141762195044096; n=72.0,injection_summary.csv
IV-F,A4 per fraction | Ridge | MANY-SHORT | 0.10,stat=median; value=7.936305981418601; n=72.0,injection_summary.csv
IV-F,A4 per fraction | Ridge | MEDIUM | 0.05,stat=mean; value=0.145291231648215; n=300.0,injection_summary.csv
IV-F,A4 per fraction | Ridge | MEDIUM | 0.05,stat=median; value=0.0856866236822126; n=300.0,injection_summary.csv
IV-F,A4 per fraction | Ridge | MEDIUM | 0.10,stat=mean; value=0.2246455639544293; n=300.0,injection_summary.csv
IV-F,A4 per fraction | Ridge | MEDIUM | 0.10,stat=median; value=0.2043179345195433; n=300.0,injection_summary.csv
IV-F,A4 per fraction | Ridge | MEDIUM | 0.20,stat=mean; value=2.0849392856662483; n=284.0,injection_summary.csv
IV-F,A4 per fraction | Ridge | MEDIUM | 0.20,stat=median; value=0.8514587366299065; n=284.0,injection_summary.csv
IV-F,A4 per fraction | Ridge | FEW-LONG | 0.05,stat=mean; value=-0.0850451454903536; n=300.0,injection_summary.csv
IV-F,A4 per fraction | Ridge | FEW-LONG | 0.05,stat=median; value=-0.0169879740518352; n=300.0,injection_summary.csv
IV-F,A4 per fraction | Ridge | FEW-LONG | 0.10,stat=mean; value=-0.1631685846483244; n=300.0,injection_summary.csv
IV-F,A4 per fraction | Ridge | FEW-LONG | 0.10,stat=median; value=-0.1095345951744374; n=300.0,injection_summary.csv
IV-F,A4 per fraction | Ridge | FEW-LONG | 0.20,stat=mean; value=0.2250705364707365; n=300.0,injection_summary.csv
IV-F,A4 per fraction | Ridge | FEW-LONG | 0.20,stat=median; value=0.1499958313127879; n=300.0,injection_summary.csv
IV-F,A4 per fraction | XGBoost | MANY-SHORT | 0.05,stat=mean; value=31.693799056427032; n=287.0,injection_summary.csv
IV-F,A4 per fraction | XGBoost | MANY-SHORT | 0.05,stat=median; value=15.172046893282063; n=287.0,injection_summary.csv
IV-F,A4 per fraction | XGBoost | MANY-SHORT | 0.10,stat=mean; value=156.8068141615719; n=72.0,injection_summary.csv
IV-F,A4 per fraction | XGBoost | MANY-SHORT | 0.10,stat=median; value=53.188883035570655; n=72.0,injection_summary.csv
IV-F,A4 per fraction | XGBoost | MEDIUM | 0.05,stat=mean; value=4.251416097440078; n=300.0,injection_summary.csv
IV-F,A4 per fraction | XGBoost | MEDIUM | 0.05,stat=median; value=2.8201125211681166; n=300.0,injection_summary.csv
IV-F,A4 per fraction | XGBoost | MEDIUM | 0.10,stat=mean; value=3.493358379279377; n=300.0,injection_summary.csv
IV-F,A4 per fraction | XGBoost | MEDIUM | 0.10,stat=median; value=3.3544267976996727; n=300.0,injection_summary.csv
IV-F,A4 per fraction | XGBoost | MEDIUM | 0.20,stat=mean; value=20.43441276611248; n=284.0,injection_summary.csv
IV-F,A4 per fraction | XGBoost | MEDIUM | 0.20,stat=median; value=9.19615717276768; n=284.0,injection_summary.csv
IV-F,A4 per fraction | XGBoost | FEW-LONG | 0.05,stat=mean; value=0.7569764940929659; n=300.0,injection_summary.csv
IV-F,A4 per fraction | XGBoost | FEW-LONG | 0.05,stat=median; value=0.4283148096452023; n=300.0,injection_summary.csv
IV-F,A4 per fraction | XGBoost | FEW-LONG | 0.10,stat=mean; value=-1.6032363983605913; n=300.0,injection_summary.csv
IV-F,A4 per fraction | XGBoost | FEW-LONG | 0.10,stat=median; value=-0.0097667097199494; n=300.0,injection_summary.csv
IV-F,A4 per fraction | XGBoost | FEW-LONG | 0.20,stat=mean; value=1.208664987167113; n=300.0,injection_summary.csv
IV-F,A4 per fraction | XGBoost | FEW-LONG | 0.20,stat=median; value=0.5891589376382127; n=300.0,injection_summary.csv
IV-F,A5 survival | Ridge | MANY-SHORT | 0.05,stat=surviving runs; value=287.0; n=300.0,injection_summary.csv
IV-F,A5 survival | Ridge | MANY-SHORT | 0.10,stat=surviving runs; value=72.0; n=300.0,injection_summary.csv
IV-F,A5 survival | Ridge | MANY-SHORT | 0.20,stat=surviving runs; value=0.0; n=300.0,injection_summary.csv
IV-F,A5 survival | Ridge | MEDIUM | 0.05,stat=surviving runs; value=300.0; n=300.0,injection_summary.csv
IV-F,A5 survival | Ridge | MEDIUM | 0.10,stat=surviving runs; value=300.0; n=300.0,injection_summary.csv
IV-F,A5 survival | Ridge | MEDIUM | 0.20,stat=surviving runs; value=284.0; n=300.0,injection_summary.csv
IV-F,A5 survival | Ridge | FEW-LONG | 0.05,stat=surviving runs; value=300.0; n=300.0,injection_summary.csv
IV-F,A5 survival | Ridge | FEW-LONG | 0.10,stat=surviving runs; value=300.0; n=300.0,injection_summary.csv
IV-F,A5 survival | Ridge | FEW-LONG | 0.20,stat=surviving runs; value=300.0; n=300.0,injection_summary.csv
IV-F,A5 survival | XGBoost | MANY-SHORT | 0.05,stat=surviving runs; value=287.0; n=300.0,injection_summary.csv
IV-F,A5 survival | XGBoost | MANY-SHORT | 0.10,stat=surviving runs; value=72.0; n=300.0,injection_summary.csv
IV-F,A5 survival | XGBoost | MANY-SHORT | 0.20,stat=surviving runs; value=0.0; n=300.0,injection_summary.csv
IV-F,A5 survival | XGBoost | MEDIUM | 0.05,stat=surviving runs; value=300.0; n=300.0,injection_summary.csv
IV-F,A5 survival | XGBoost | MEDIUM | 0.10,stat=surviving runs; value=300.0; n=300.0,injection_summary.csv
IV-F,A5 survival | XGBoost | MEDIUM | 0.20,stat=surviving runs; value=284.0; n=300.0,injection_summary.csv
IV-F,A5 survival | XGBoost | FEW-LONG | 0.05,stat=surviving runs; value=300.0; n=300.0,injection_summary.csv
IV-F,A5 survival | XGBoost | FEW-LONG | 0.10,stat=surviving runs; value=300.0; n=300.0,injection_summary.csv
IV-F,A5 survival | XGBoost | FEW-LONG | 0.20,stat=surviving runs; value=300.0; n=300.0,injection_summary.csv
IV-F,A6 common support | Ridge | MANY-SHORT | complete cells,stat=mean of cell means; value=9.533009752375472; ci_lo=4.090543520431078; ci_hi=16.716835306244267; n=17.0; ci_method=iid bootstrap over cells,injection_summary.csv
IV-F,A6 common support | Ridge | MEDIUM | complete cells,stat=mean of cell means; value=0.1894081331363669; ci_lo=0.0907862334560997; ci_hi=0.2887016114553832; n=17.0; ci_method=iid bootstrap over cells,injection_summary.csv
IV-F,A6 common support | Ridge | FEW-LONG | complete cells,stat=mean of cell means; value=-0.1100491568887551; ci_lo=-0.166432529968935; ci_hi=-0.0535352237253116; n=17.0; ci_method=iid bootstrap over cells,injection_summary.csv
IV-F,A6 common support | XGBoost | MANY-SHORT | complete cells,stat=mean of cell means; value=94.25662107506987; ci_lo=36.94878933598899; ci_hi=174.6397997557178; n=17.0; ci_method=iid bootstrap over cells,injection_summary.csv
IV-F,A6 common support | XGBoost | MEDIUM | complete cells,stat=mean of cell means; value=4.393148158380755; ci_lo=2.575208677702286; ci_hi=6.256020851523232; n=17.0; ci_method=iid bootstrap over cells,injection_summary.csv
IV-F,A6 common support | XGBoost | FEW-LONG | complete cells,stat=mean of cell means; value=-0.1557974920740392; ci_lo=-0.97940926796569; ci_hi=0.5732853740192011; n=17.0; ci_method=iid bootstrap over cells,injection_summary.csv
IV-F,A7 test growth | all runs | MANY-SHORT | all,stat=median; value=3.2698961937716264,injection_summary.csv
IV-F,A7 test growth | all runs | MEDIUM | all,stat=median; value=1.4914872443477067,injection_summary.csv
IV-F,A7 test growth | all runs | FEW-LONG | all,stat=median; value=1.0755885997521686,injection_summary.csv
IV-F,A7 test growth | Ridge | MANY-SHORT | all,stat=median; value=3.2698961937716264,injection_summary.csv
IV-F,A7 test growth | Ridge | MEDIUM | all,stat=median; value=1.4914872443477067,injection_summary.csv
IV-F,A7 test growth | Ridge | FEW-LONG | all,stat=median; value=1.0755885997521686,injection_summary.csv
IV-F,A7 test growth | XGBoost | MANY-SHORT | all,stat=median; value=3.2698961937716264,injection_summary.csv
IV-F,A7 test growth | XGBoost | MEDIUM | all,stat=median; value=1.4914872443477067,injection_summary.csv
IV-F,A7 test growth | XGBoost | FEW-LONG | all,stat=median; value=1.0755885997521686,injection_summary.csv
IV-F,A9 cells excluding zero | Ridge | MANY-SHORT | complete cells,stat=count iid; value=16.0; n=17.0,injection_summary.csv
IV-F,A9 cells excluding zero | Ridge | MANY-SHORT | complete cells,stat=count origin-cluster; value=17.0; n=17.0,injection_summary.csv
IV-F,A9 cells excluding zero | XGBoost | MANY-SHORT | complete cells,stat=count iid; value=16.0; n=17.0,injection_summary.csv
IV-F,A9 cells excluding zero | XGBoost | MANY-SHORT | complete cells,stat=count origin-cluster; value=16.0; n=17.0,injection_summary.csv
IV-F,"B0 unmatched, cluster CI | Ridge | MANY-SHORT | all","stat=mean; value=5.044662145399351; ci_lo=3.1396415101444526; ci_hi=7.328716565313379; n=359.0; ci_method=cluster bootstrap over (record, origin)",injection_summary.csv
IV-F,"B0 unmatched, cluster CI | Ridge | MANY-SHORT | all",stat=median; value=2.1284680567106307; n=359.0,injection_summary.csv
IV-F,"B0 unmatched, cluster CI | Ridge | MANY-SHORT | all",stat=mean; value=5.044662145399351; ci_lo=3.200769440454297; ci_hi=6.912823418686748; n=359.0; ci_method=origin bootstrap stratified by record,injection_summary.csv
IV-F,"B0 unmatched, cluster CI | Ridge | MEDIUM | all","stat=mean; value=0.79536628485295; ci_lo=0.4166751186128257; ci_hi=1.2251822420065204; n=884.0; ci_method=cluster bootstrap over (record, origin)",injection_summary.csv
IV-F,"B0 unmatched, cluster CI | Ridge | MEDIUM | all",stat=median; value=0.2298959859173443; n=884.0,injection_summary.csv
IV-F,"B0 unmatched, cluster CI | Ridge | MEDIUM | all",stat=mean; value=0.79536628485295; ci_lo=0.4197969040585264; ci_hi=1.1588567969806418; n=884.0; ci_method=origin bootstrap stratified by record,injection_summary.csv
IV-F,"B0 unmatched, cluster CI | Ridge | FEW-LONG | all","stat=mean; value=-0.0077143978893138; ci_lo=-0.1255522822371521; ci_hi=0.1041131603226177; n=900.0; ci_method=cluster bootstrap over (record, origin)",injection_summary.csv
IV-F,"B0 unmatched, cluster CI | Ridge | FEW-LONG | all",stat=median; value=-0.0076343111345744; n=900.0,injection_summary.csv
IV-F,"B0 unmatched, cluster CI | Ridge | FEW-LONG | all",stat=mean; value=-0.0077143978893138; ci_lo=-0.125987196836597; ci_hi=0.1070432904119884; n=900.0; ci_method=origin bootstrap stratified by record,injection_summary.csv
IV-F,"B0 unmatched, cluster CI | XGBoost | MANY-SHORT | all","stat=mean; value=56.786102921525725; ci_lo=28.538504507704893; ci_hi=91.5397880330361; n=359.0; ci_method=cluster bootstrap over (record, origin)",injection_summary.csv
IV-F,"B0 unmatched, cluster CI | XGBoost | MANY-SHORT | all",stat=median; value=21.510387299893186; n=359.0,injection_summary.csv
IV-F,"B0 unmatched, cluster CI | XGBoost | MANY-SHORT | all",stat=mean; value=56.786102921525725; ci_lo=30.192294223316527; ci_hi=85.4084696204044; n=359.0; ci_method=origin bootstrap stratified by record,injection_summary.csv
IV-F,"B0 unmatched, cluster CI | XGBoost | MEDIUM | all","stat=mean; value=9.193218968995229; ci_lo=5.357589525066898; ci_hi=13.612478558685982; n=884.0; ci_method=cluster bootstrap over (record, origin)",injection_summary.csv
IV-F,"B0 unmatched, cluster CI | XGBoost | MEDIUM | all",stat=median; value=3.872903959821372; n=884.0,injection_summary.csv
IV-F,"B0 unmatched, cluster CI | XGBoost | MEDIUM | all",stat=mean; value=9.193218968995229; ci_lo=5.843024992022441; ci_hi=12.778751687411589; n=884.0; ci_method=origin bootstrap stratified by record,injection_summary.csv
IV-F,"B0 unmatched, cluster CI | XGBoost | FEW-LONG | all","stat=mean; value=0.1208016942998291; ci_lo=-1.592326034002066; ci_hi=1.709164122332697; n=900.0; ci_method=cluster bootstrap over (record, origin)",injection_summary.csv
IV-F,"B0 unmatched, cluster CI | XGBoost | FEW-LONG | all",stat=median; value=0.338994999461117; n=900.0,injection_summary.csv
IV-F,"B0 unmatched, cluster CI | XGBoost | FEW-LONG | all",stat=mean; value=0.1208016942998291; ci_lo=-1.4927271620953415; ci_hi=1.6799712179475408; n=900.0; ci_method=origin bootstrap stratified by record,injection_summary.csv
IV-F,B1 matched 5%+10% | Ridge | MANY-SHORT | 5%+10%,"stat=mean; value=5.044662145399351; ci_lo=3.1396415101444526; ci_hi=7.328716565313379; n=359.0; ci_method=cluster bootstrap over (record, origin)",injection_summary.csv
IV-F,B1 matched 5%+10% | Ridge | MANY-SHORT | 5%+10%,stat=median; value=2.1284680567106307; n=359.0,injection_summary.csv
IV-F,B1 matched 5%+10% | Ridge | MANY-SHORT | 5%+10%,stat=mean; value=5.044662145399351; ci_lo=3.200769440454297; ci_hi=6.912823418686748; n=359.0; ci_method=origin bootstrap stratified by record,injection_summary.csv
IV-F,B1 matched 5%+10% | Ridge | MEDIUM | 5%+10%,"stat=mean; value=0.1849683978013222; ci_lo=0.0417425681629233; ci_hi=0.3096147710094593; n=600.0; ci_method=cluster bootstrap over (record, origin)",injection_summary.csv
IV-F,B1 matched 5%+10% | Ridge | MEDIUM | 5%+10%,stat=median; value=0.1242439065548994; n=600.0,injection_summary.csv
IV-F,B1 matched 5%+10% | Ridge | MEDIUM | 5%+10%,stat=mean; value=0.1849683978013222; ci_lo=0.0735691641646017; ci_hi=0.3022547377388793; n=600.0; ci_method=origin bootstrap stratified by record,injection_summary.csv
IV-F,B1 matched 5%+10% | Ridge | FEW-LONG | 5%+10%,"stat=mean; value=-0.124106865069339; ci_lo=-0.1992930457454345; ci_hi=-0.055294183857332; n=600.0; ci_method=cluster bootstrap over (record, origin)",injection_summary.csv
IV-F,B1 matched 5%+10% | Ridge | FEW-LONG | 5%+10%,stat=median; value=-0.0388269810087655; n=600.0,injection_summary.csv
IV-F,B1 matched 5%+10% | Ridge | FEW-LONG | 5%+10%,stat=mean; value=-0.124106865069339; ci_lo=-0.1823258363572344; ci_hi=-0.0620944935306895; n=600.0; ci_method=origin bootstrap stratified by record,injection_summary.csv
IV-F,B1 matched 5%+10% | XGBoost | MANY-SHORT | 5%+10%,"stat=mean; value=56.786102921525725; ci_lo=28.538504507704893; ci_hi=91.5397880330361; n=359.0; ci_method=cluster bootstrap over (record, origin)",injection_summary.csv
IV-F,B1 matched 5%+10% | XGBoost | MANY-SHORT | 5%+10%,stat=median; value=21.510387299893186; n=359.0,injection_summary.csv
IV-F,B1 matched 5%+10% | XGBoost | MANY-SHORT | 5%+10%,stat=mean; value=56.786102921525725; ci_lo=30.192294223316527; ci_hi=85.4084696204044; n=359.0; ci_method=origin bootstrap stratified by record,injection_summary.csv
IV-F,B1 matched 5%+10% | XGBoost | MEDIUM | 5%+10%,"stat=mean; value=3.872387238359728; ci_lo=1.3437298652697198; ci_hi=6.157707752334624; n=600.0; ci_method=cluster bootstrap over (record, origin)",injection_summary.csv
IV-F,B1 matched 5%+10% | XGBoost | MEDIUM | 5%+10%,stat=median; value=3.031088668244488; n=600.0,injection_summary.csv
IV-F,B1 matched 5%+10% | XGBoost | MEDIUM | 5%+10%,stat=mean; value=3.872387238359728; ci_lo=1.6263375033909675; ci_hi=6.022263701254189; n=600.0; ci_method=origin bootstrap stratified by record,injection_summary.csv
IV-F,B1 matched 5%+10% | XGBoost | FEW-LONG | 5%+10%,"stat=mean; value=-0.4231299521338127; ci_lo=-1.303888641043989; ci_hi=0.3915831508626267; n=600.0; ci_method=cluster bootstrap over (record, origin)",injection_summary.csv
IV-F,B1 matched 5%+10% | XGBoost | FEW-LONG | 5%+10%,stat=median; value=0.3067419248225063; n=600.0,injection_summary.csv
IV-F,B1 matched 5%+10% | XGBoost | FEW-LONG | 5%+10%,stat=mean; value=-0.4231299521338127; ci_lo=-1.2954932324945172; ci_hi=0.3301844653168576; n=600.0; ci_method=origin bootstrap stratified by record,injection_summary.csv
IV-F,B1 matched 5%+10% | Ridge | MANY-SHORT - FEW-LONG | 5%+10%,"stat=mean difference; value=5.16876901046869; ci_lo=3.2356044328037687; ci_hi=7.439000205840115; n=959.0; ci_method=paired cluster bootstrap over (record, origin)",injection_summary.csv
IV-F,B1 matched 5%+10% | XGBoost | MANY-SHORT - FEW-LONG | 5%+10%,"stat=mean difference; value=57.20923287365954; ci_lo=28.77556927324762; ci_hi=91.84822863256149; n=959.0; ci_method=paired cluster bootstrap over (record, origin)",injection_summary.csv
IV-F,B1 fraction 0.05 | Ridge | MANY-SHORT | 0.05,"stat=mean; value=2.7624628298090315; ci_lo=1.9352287844055736; ci_hi=3.678308792958077; n=287.0; ci_method=cluster bootstrap over (record, origin)",injection_summary.csv
IV-F,B1 fraction 0.05 | Ridge | MANY-SHORT | 0.05,stat=median; value=1.6831889245962794; n=287.0,injection_summary.csv
IV-F,B1 fraction 0.05 | Ridge | MEDIUM | 0.05,"stat=mean; value=0.145291231648215; ci_lo=-0.0163053739362712; ci_hi=0.3069774704262299; n=300.0; ci_method=cluster bootstrap over (record, origin)",injection_summary.csv
IV-F,B1 fraction 0.05 | Ridge | MEDIUM | 0.05,stat=median; value=0.0856866236822126; n=300.0,injection_summary.csv
IV-F,B1 fraction 0.05 | Ridge | FEW-LONG | 0.05,"stat=mean; value=-0.0850451454903536; ci_lo=-0.166764711511708; ci_hi=-0.0103852092231027; n=300.0; ci_method=cluster bootstrap over (record, origin)",injection_summary.csv
IV-F,B1 fraction 0.05 | Ridge | FEW-LONG | 0.05,stat=median; value=-0.0169879740518352; n=300.0,injection_summary.csv
IV-F,B1 fraction 0.05 | XGBoost | MANY-SHORT | 0.05,"stat=mean; value=31.693799056427032; ci_lo=19.830002165024943; ci_hi=45.730597875857214; n=287.0; ci_method=cluster bootstrap over (record, origin)",injection_summary.csv
IV-F,B1 fraction 0.05 | XGBoost | MANY-SHORT | 0.05,stat=median; value=15.172046893282063; n=287.0,injection_summary.csv
IV-F,B1 fraction 0.05 | XGBoost | MEDIUM | 0.05,"stat=mean; value=4.251416097440078; ci_lo=1.4772675558902806; ci_hi=7.031285144074854; n=300.0; ci_method=cluster bootstrap over (record, origin)",injection_summary.csv
IV-F,B1 fraction 0.05 | XGBoost | MEDIUM | 0.05,stat=median; value=2.8201125211681166; n=300.0,injection_summary.csv
IV-F,B1 fraction 0.05 | XGBoost | FEW-LONG | 0.05,"stat=mean; value=0.7569764940929659; ci_lo=0.2526144633900706; ci_hi=1.2985789634109766; n=300.0; ci_method=cluster bootstrap over (record, origin)",injection_summary.csv
IV-F,B1 fraction 0.05 | XGBoost | FEW-LONG | 0.05,stat=median; value=0.4283148096452023; n=300.0,injection_summary.csv
IV-F,B1 fraction 0.05 | Ridge | MANY-SHORT - FEW-LONG | 0.05,"stat=mean difference; value=2.847507975299385; ci_lo=2.031296097549756; ci_hi=3.742725334120637; n=587.0; ci_method=paired cluster bootstrap over (record, origin)",injection_summary.csv
IV-F,B1 fraction 0.05 | XGBoost | MANY-SHORT - FEW-LONG | 0.05,"stat=mean difference; value=30.936822562334065; ci_lo=19.25773485150229; ci_hi=44.58897211575975; n=587.0; ci_method=paired cluster bootstrap over (record, origin)",injection_summary.csv
IV-F,B1 fraction 0.10 | Ridge | MANY-SHORT | 0.10,"stat=mean; value=14.141762195044096; ci_lo=7.346006648883643; ci_hi=23.484993718755025; n=72.0; ci_method=cluster bootstrap over (record, origin)",injection_summary.csv
IV-F,B1 fraction 0.10 | Ridge | MANY-SHORT | 0.10,stat=median; value=7.936305981418601; n=72.0,injection_summary.csv
IV-F,B1 fraction 0.10 | Ridge | MEDIUM | 0.10,"stat=mean; value=0.2246455639544293; ci_lo=-0.02499617033438; ci_hi=0.4557239786124007; n=300.0; ci_method=cluster bootstrap over (record, origin)",injection_summary.csv
IV-F,B1 fraction 0.10 | Ridge | MEDIUM | 0.10,stat=median; value=0.2043179345195433; n=300.0,injection_summary.csv
IV-F,B1 fraction 0.10 | Ridge | FEW-LONG | 0.10,"stat=mean; value=-0.1631685846483244; ci_lo=-0.300354073616288; ci_hi=-0.0253909469710791; n=300.0; ci_method=cluster bootstrap over (record, origin)",injection_summary.csv
IV-F,B1 fraction 0.10 | Ridge | FEW-LONG | 0.10,stat=median; value=-0.1095345951744374; n=300.0,injection_summary.csv
IV-F,B1 fraction 0.10 | XGBoost | MANY-SHORT | 0.10,"stat=mean; value=156.8068141615719; ci_lo=62.00643284767215; ci_hi=296.7717900980063; n=72.0; ci_method=cluster bootstrap over (record, origin)",injection_summary.csv
IV-F,B1 fraction 0.10 | XGBoost | MANY-SHORT | 0.10,stat=median; value=53.188883035570655; n=72.0,injection_summary.csv
IV-F,B1 fraction 0.10 | XGBoost | MEDIUM | 0.10,"stat=mean; value=3.493358379279377; ci_lo=-0.6424558998973134; ci_hi=7.40529742250823; n=300.0; ci_method=cluster bootstrap over (record, origin)",injection_summary.csv
IV-F,B1 fraction 0.10 | XGBoost | MEDIUM | 0.10,stat=median; value=3.3544267976996727; n=300.0,injection_summary.csv
IV-F,B1 fraction 0.10 | XGBoost | FEW-LONG | 0.10,"stat=mean; value=-1.6032363983605913; ci_lo=-3.45747364686591; ci_hi=0.0134362407087094; n=300.0; ci_method=cluster bootstrap over (record, origin)",injection_summary.csv
IV-F,B1 fraction 0.10 | XGBoost | FEW-LONG | 0.10,stat=median; value=-0.0097667097199494; n=300.0,injection_summary.csv
IV-F,B1 fraction 0.10 | Ridge | MANY-SHORT - FEW-LONG | 0.10,"stat=mean difference; value=14.30493077969242; ci_lo=7.439537706692316; ci_hi=23.691639833579544; n=372.0; ci_method=paired cluster bootstrap over (record, origin)",injection_summary.csv
IV-F,B1 fraction 0.10 | XGBoost | MANY-SHORT - FEW-LONG | 0.10,"stat=mean difference; value=158.4100505599325; ci_lo=62.94422517615696; ci_hi=299.6200972270379; n=372.0; ci_method=paired cluster bootstrap over (record, origin)",injection_summary.csv
IV-F,B2 common support | Ridge | MANY-SHORT | complete cells,"stat=mean of cell means; value=9.533009752375472; ci_lo=4.593476543876808; ci_hi=12.365447861434882; n=17.0; ci_method=cluster bootstrap over (record, origin)",injection_summary.csv
IV-F,B2 common support | Ridge | MEDIUM | complete cells,"stat=mean of cell means; value=0.1894081331363669; ci_lo=0.0606367905665624; ci_hi=0.314082653737417; n=17.0; ci_method=cluster bootstrap over (record, origin)",injection_summary.csv
IV-F,B2 common support | Ridge | FEW-LONG | complete cells,"stat=mean of cell means; value=-0.1100491568887551; ci_lo=-0.1798746694013689; ci_hi=-0.0365021286584299; n=17.0; ci_method=cluster bootstrap over (record, origin)",injection_summary.csv
IV-F,B2 common support | XGBoost | MANY-SHORT | complete cells,"stat=mean of cell means; value=94.25662107506987; ci_lo=40.01687014532692; ci_hi=119.61464042330554; n=17.0; ci_method=cluster bootstrap over (record, origin)",injection_summary.csv
IV-F,B2 common support | XGBoost | MEDIUM | complete cells,"stat=mean of cell means; value=4.393148158380755; ci_lo=2.6079232838344995; ci_hi=6.283377638038944; n=17.0; ci_method=cluster bootstrap over (record, origin)",injection_summary.csv
IV-F,B2 common support | XGBoost | FEW-LONG | complete cells,"stat=mean of cell means; value=-0.1557974920740392; ci_lo=-1.2392229664832357; ci_hi=0.6985411438520487; n=17.0; ci_method=cluster bootstrap over (record, origin)",injection_summary.csv
IV-F,B3 reliability | Ridge | all | reliable runs,value=1908.0; n=2143.0,injection_summary.csv
IV-F,B3 reliability | Ridge | all | honest skill < -100,value=1.0; n=2143.0,injection_summary.csv
IV-F,B3 reliability | Ridge | all | |bias| > 50,value=3.0; n=2143.0,injection_summary.csv
IV-F,B3 reliability | Ridge | all | rp_h_over_intact outside,value=234.0; n=2143.0,injection_summary.csv
IV-F,B3 reliability | XGBoost | all | reliable runs,value=1524.0; n=2143.0,injection_summary.csv
IV-F,B3 reliability | XGBoost | all | honest skill < -100,value=158.0; n=2143.0,injection_summary.csv
IV-F,B3 reliability | XGBoost | all | |bias| > 50,value=180.0; n=2143.0,injection_summary.csv
IV-F,B3 reliability | XGBoost | all | rp_h_over_intact outside,value=234.0; n=2143.0,injection_summary.csv
IV-F,B4 reliable matched 5%+10% | Ridge | MANY-SHORT | 5%+10%,"stat=mean; value=4.070035929283935; ci_lo=3.047869339419657; ci_hi=5.047714835763991; n=299.0; ci_method=cluster bootstrap over (record, origin)",injection_summary.csv
IV-F,B4 reliable matched 5%+10% | Ridge | MANY-SHORT | 5%+10%,stat=median; value=2.2094851118956926; n=299.0,injection_summary.csv
IV-F,B4 reliable matched 5%+10% | Ridge | MEDIUM | 5%+10%,"stat=mean; value=0.2083453323496641; ci_lo=0.0821174955901815; ci_hi=0.3293332668569709; n=543.0; ci_method=cluster bootstrap over (record, origin)",injection_summary.csv
IV-F,B4 reliable matched 5%+10% | Ridge | MEDIUM | 5%+10%,stat=median; value=0.1513460063137905; n=543.0,injection_summary.csv
IV-F,B4 reliable matched 5%+10% | Ridge | FEW-LONG | 5%+10%,"stat=mean; value=-0.1233416399710338; ci_lo=-0.2108021869161392; ci_hi=-0.0485287638961872; n=555.0; ci_method=cluster bootstrap over (record, origin)",injection_summary.csv
IV-F,B4 reliable matched 5%+10% | Ridge | FEW-LONG | 5%+10%,stat=median; value=-0.0306812643956932; n=555.0,injection_summary.csv
IV-F,B4 reliable matched 5%+10% | XGBoost | MANY-SHORT | 5%+10%,"stat=mean; value=11.464890500776349; ci_lo=6.572379846617562; ci_hi=15.302731298703316; n=189.0; ci_method=cluster bootstrap over (record, origin)",injection_summary.csv
IV-F,B4 reliable matched 5%+10% | XGBoost | MANY-SHORT | 5%+10%,stat=median; value=11.40640622230524; n=189.0,injection_summary.csv
IV-F,B4 reliable matched 5%+10% | XGBoost | MEDIUM | 5%+10%,"stat=mean; value=0.7600143714237633; ci_lo=-2.182832544641065; ci_hi=3.266189862017548; n=469.0; ci_method=cluster bootstrap over (record, origin)",injection_summary.csv
IV-F,B4 reliable matched 5%+10% | XGBoost | MEDIUM | 5%+10%,stat=median; value=2.5871201592516666; n=469.0,injection_summary.csv
IV-F,B4 reliable matched 5%+10% | XGBoost | FEW-LONG | 5%+10%,"stat=mean; value=-0.6837933548545845; ci_lo=-1.8997388597458484; ci_hi=0.29130995101609; n=493.0; ci_method=cluster bootstrap over (record, origin)",injection_summary.csv
IV-F,B4 reliable matched 5%+10% | XGBoost | FEW-LONG | 5%+10%,stat=median; value=0.3699347273755204; n=493.0,injection_summary.csv
IV-F,B4 reliable matched 5%+10% | Ridge | MANY-SHORT - FEW-LONG | 5%+10%,"stat=mean difference; value=4.193377569254968; ci_lo=3.170335385535445; ci_hi=5.219715035251158; n=854.0; ci_method=paired cluster bootstrap over (record, origin)",injection_summary.csv
IV-F,B4 reliable matched 5%+10% | XGBoost | MANY-SHORT - FEW-LONG | 5%+10%,"stat=mean difference; value=12.148683855630932; ci_lo=7.593050848552646; ci_hi=15.724812370777682; n=682.0; ci_method=paired cluster bootstrap over (record, origin)",injection_summary.csv
IV-F,B4 monotonic reliable | Ridge | all | monotonic count,value=14.0; n=14.0,injection_summary.csv
IV-F,B4 monotonic reliable | XGBoost | all | monotonic count,value=8.0; n=12.0,injection_summary.csv
II-A,D1 no-interpolation H=1 bias [CI] (segments),"+0.83 [-0.56, +2.47] (5)",interpolation_sensitivity.csv
II-A,D1 no-interpolation H=10 bias [CI] (segments),"+0.71 [-3.10, +4.98] (5)",interpolation_sensitivity.csv
II-A,D1 no-interpolation H=30 bias [CI] (segments),"-2.78 [-6.52, +0.99] (5)",interpolation_sensitivity.csv
II-A,D2 no-interpolation H=1 bias [CI] (segments),"-8.38 [-22.09, +0.05] (86)",interpolation_sensitivity.csv
II-A,D2 no-interpolation H=3 bias [CI] (segments),"-10.59 [-26.19, -0.30] (86)",interpolation_sensitivity.csv
II-A,D2 no-interpolation H=6 bias [CI] (segments),"-2.22 [-9.44, +2.09] (86)",interpolation_sensitivity.csv
V-A,dP/dv at D3 mean speed (kW per m/s),247.55,derived
V-A,"gap-aware persistence RMSE H=6 (m/s), kW, % rated","1.104, 273, 13.7",derived
V-A,"claimed reduction (m/s), kW, % rated","0.095, 24, 1.2",derived
