dataset,horizon,origin,train_frac,skill_honest,skill_naive,bias,n_test_honest,n_test_naive,n_test_naive_unaligned,row_expansion,test_start,test_end
D1 ZephIR (contiguous),1,1,0.5,-201.77,-201.77,0.0,1654,1654,1715,1.0,2019-11-24 01:31:00,2019-11-25 05:04:00
D1 ZephIR (contiguous),1,2,0.56,5.99,5.99,0.0,1655,1655,1716,1.0,2019-11-24 10:05:00,2019-11-25 13:39:00
D1 ZephIR (contiguous),1,3,0.62,8.15,8.15,0.0,1654,1654,1715,1.0,2019-11-24 18:40:00,2019-11-25 22:13:00
D1 ZephIR (contiguous),1,4,0.68,6.31,6.31,0.0,1654,1654,1715,1.0,2019-11-25 03:15:00,2019-11-26 06:48:00
D1 ZephIR (contiguous),1,5,0.74,5.56,5.56,0.0,1655,1655,1716,1.0,2019-11-25 11:49:00,2019-11-26 15:23:00
D1 ZephIR (contiguous),1,6,0.8,0.22,0.22,0.0,1655,1655,1716,1.0,2019-11-25 20:24:00,2019-11-26 23:58:00
D1 ZephIR (contiguous),10,1,0.5,-212.96,-212.96,0.0,1644,1644,1714,1.0,2019-11-24 01:35:00,2019-11-25 04:58:00
D1 ZephIR (contiguous),10,2,0.56,-19.11,-19.11,0.0,1644,1644,1714,1.0,2019-11-24 10:09:00,2019-11-25 13:32:00
D1 ZephIR (contiguous),10,3,0.62,-1.48,-1.48,0.0,1644,1644,1714,1.0,2019-11-24 18:43:00,2019-11-25 22:06:00
D1 ZephIR (contiguous),10,4,0.68,-0.68,-0.68,0.0,1644,1644,1714,1.0,2019-11-25 03:17:00,2019-11-26 06:40:00
D1 ZephIR (contiguous),10,5,0.74,-9.44,-9.44,0.0,1643,1643,1713,1.0,2019-11-25 11:52:00,2019-11-26 15:14:00
D1 ZephIR (contiguous),10,6,0.8,-6.0,-6.0,0.0,1644,1644,1714,1.0,2019-11-25 20:26:00,2019-11-26 23:49:00
D1 ZephIR (contiguous),30,1,0.5,-111.1,-111.1,0.0,1620,1620,1710,1.0,2019-11-24 01:45:00,2019-11-25 04:44:00
D1 ZephIR (contiguous),30,2,0.56,-23.4,-23.4,0.0,1620,1620,1710,1.0,2019-11-24 10:18:00,2019-11-25 13:17:00
D1 ZephIR (contiguous),30,3,0.62,-21.31,-21.31,0.0,1620,1620,1710,1.0,2019-11-24 18:51:00,2019-11-25 21:50:00
D1 ZephIR (contiguous),30,4,0.68,-24.77,-24.77,0.0,1620,1620,1710,1.0,2019-11-25 03:24:00,2019-11-26 06:23:00
D1 ZephIR (contiguous),30,5,0.74,-17.18,-17.18,0.0,1620,1620,1710,1.0,2019-11-25 11:57:00,2019-11-26 14:56:00
D1 ZephIR (contiguous),30,6,0.8,-11.17,-11.17,0.0,1620,1620,1710,1.0,2019-11-25 20:30:00,2019-11-26 23:29:00
D2 WFIP3 Buoy (few long gaps),1,1,0.5,-3.9,-6.41,-2.51,4091,4508,4345,1.1,2024-04-19 16:30:00,2024-05-25 12:40:00
D2 WFIP3 Buoy (few long gaps),1,2,0.56,-4.38,-4.4,-0.02,4092,4509,4345,1.1,2024-05-02 17:00:00,2024-06-03 14:00:00
D2 WFIP3 Buoy (few long gaps),1,3,0.62,-3.24,-3.4,-0.16,4091,4373,4346,1.07,2024-05-12 11:10:00,2024-06-12 04:20:00
D2 WFIP3 Buoy (few long gaps),1,4,0.68,-2.74,-3.56,-0.83,4092,4153,4346,1.01,2024-05-22 22:10:00,2024-06-20 18:50:00
D2 WFIP3 Buoy (few long gaps),1,5,0.74,-1.06,-9.53,-8.47,4091,4091,4345,1.0,2024-05-31 23:30:00,2024-06-29 09:10:00
D2 WFIP3 Buoy (few long gaps),1,6,0.8,-2.64,-14.43,-11.79,4092,4092,4346,1.0,2024-06-09 13:50:00,2024-07-07 23:40:00
D2 WFIP3 Buoy (few long gaps),3,1,0.5,-3.73,-3.89,-0.16,4082,4511,4345,1.11,2024-04-19 17:10:00,2024-05-25 13:50:00
D2 WFIP3 Buoy (few long gaps),3,2,0.56,-5.83,-4.22,1.61,4082,4511,4344,1.11,2024-05-02 17:40:00,2024-06-03 15:00:00
D2 WFIP3 Buoy (few long gaps),3,3,0.62,-4.13,-4.38,-0.25,4082,4372,4346,1.07,2024-05-12 12:10:00,2024-06-12 05:10:00
D2 WFIP3 Buoy (few long gaps),3,4,0.68,-4.09,-4.49,-0.39,4082,4145,4345,1.02,2024-05-22 23:50:00,2024-06-20 19:10:00
D2 WFIP3 Buoy (few long gaps),3,5,0.74,-3.27,-11.29,-8.01,4082,4082,4345,1.0,2024-06-01 01:00:00,2024-06-29 09:10:00
D2 WFIP3 Buoy (few long gaps),3,6,0.8,-3.05,-12.48,-9.43,4082,4082,4346,1.0,2024-06-09 15:10:00,2024-07-07 23:20:00
D2 WFIP3 Buoy (few long gaps),6,1,0.5,-1.44,-0.92,0.52,4068,4515,4344,1.11,2024-04-19 18:10:00,2024-05-25 15:30:00
D2 WFIP3 Buoy (few long gaps),6,2,0.56,-2.38,-2.72,-0.34,4068,4515,4344,1.11,2024-05-02 18:40:00,2024-06-03 16:40:00
D2 WFIP3 Buoy (few long gaps),6,3,0.62,-3.5,-3.04,0.46,4068,4370,4344,1.07,2024-05-12 13:30:00,2024-06-12 06:10:00
D2 WFIP3 Buoy (few long gaps),6,4,0.68,-3.78,-3.69,0.09,4068,4134,4344,1.02,2024-05-23 02:10:00,2024-06-20 19:40:00
D2 WFIP3 Buoy (few long gaps),6,5,0.74,-3.04,-6.44,-3.41,4068,4068,4344,1.0,2024-06-01 03:20:00,2024-06-29 09:10:00
D2 WFIP3 Buoy (few long gaps),6,6,0.8,-3.26,-2.4,0.85,4069,4069,4345,1.0,2024-06-09 16:50:00,2024-07-07 22:50:00
D3 Onshore (many short gaps),1,1,0.5,-7.05,1.89,8.94,2707,7060,7825,2.61,2015-05-20 15:10:00,2015-07-20 00:00:00
D3 Onshore (many short gaps),1,2,0.56,-8.94,2.21,11.15,2707,7670,7824,2.83,2015-06-05 09:50:00,2015-08-09 00:50:00
D3 Onshore (many short gaps),1,3,0.62,-8.17,3.21,11.38,2708,7424,7826,2.74,2015-06-23 11:50:00,2015-08-24 07:00:00
D3 Onshore (many short gaps),1,4,0.68,1.21,4.45,3.24,2708,7185,7825,2.65,2015-07-09 06:20:00,2015-09-07 00:10:00
D3 Onshore (many short gaps),1,5,0.74,2.19,5.12,2.93,2707,6157,7825,2.27,2015-08-02 07:10:00,2015-09-22 16:00:00
D3 Onshore (many short gaps),1,6,0.8,1.77,4.92,3.15,2708,5694,7827,2.1,2015-08-19 12:40:00,2015-10-06 23:40:00
D3 Onshore (many short gaps),3,1,0.5,-7.93,5.32,13.25,2621,7385,7824,2.82,2015-05-20 18:40:00,2015-07-23 04:00:00
D3 Onshore (many short gaps),3,2,0.56,-6.16,5.65,11.81,2621,7679,7825,2.93,2015-06-05 12:50:00,2015-08-09 05:20:00
D3 Onshore (many short gaps),3,3,0.62,-9.02,5.28,14.29,2621,7426,7824,2.83,2015-06-23 15:40:00,2015-08-24 11:10:00
D3 Onshore (many short gaps),3,4,0.68,1.6,6.21,4.61,2621,7183,7824,2.74,2015-07-09 09:20:00,2015-09-07 02:50:00
D3 Onshore (many short gaps),3,5,0.74,-0.84,6.3,7.14,2621,6139,7824,2.34,2015-08-02 12:00:00,2015-09-22 17:50:00
D3 Onshore (many short gaps),3,6,0.8,-0.9,6.8,7.7,2622,5584,7827,2.13,2015-08-20 10:00:00,2015-10-06 23:20:00
D3 Onshore (many short gaps),6,1,0.5,-5.54,8.36,13.9,2498,7390,7825,2.96,2015-05-20 23:40:00,2015-07-23 09:50:00
D3 Onshore (many short gaps),6,2,0.56,-3.42,8.92,12.33,2498,7757,7825,3.11,2015-06-05 17:20:00,2015-08-10 01:20:00
D3 Onshore (many short gaps),6,3,0.62,-4.2,8.19,12.39,2498,7427,7826,2.97,2015-06-23 21:10:00,2015-08-24 16:50:00
D3 Onshore (many short gaps),6,4,0.68,3.23,9.06,5.84,2498,6733,7826,2.7,2015-07-13 06:30:00,2015-09-07 06:30:00
D3 Onshore (many short gaps),6,5,0.74,-1.29,8.55,9.84,2498,6047,7826,2.42,2015-08-03 07:40:00,2015-09-22 20:30:00
D3 Onshore (many short gaps),6,6,0.8,-1.83,8.89,10.73,2498,5471,7826,2.19,2015-08-21 08:30:00,2015-10-06 22:50:00
