missing_frac,condition,horizon,seed,n_gaps,gap_len,actual_missing_pct,skill_honest,skill_naive,bias,n_test
0.05,MANY-SHORT,1,0,102,3,5.0,-25.291,-9.795,15.496,486
0.05,MANY-SHORT,1,1,102,3,5.0,-22.275,-10.713,11.562,460
0.05,MANY-SHORT,1,2,102,3,5.0,-34.629,-13.839,20.79,484
0.05,MANY-SHORT,1,3,102,3,5.0,-20.225,-13.374,6.851,467
0.05,MANY-SHORT,1,4,102,3,5.0,-25.504,-10.188,15.316,489
0.05,MANY-SHORT,1,5,102,3,5.0,-45.453,-9.251,36.202,506
0.05,MANY-SHORT,1,6,102,3,5.0,-130.29,-13.667,116.623,504
0.05,MANY-SHORT,1,7,102,3,5.0,-12.716,-8.975,3.741,470
0.05,MANY-SHORT,1,8,102,3,5.0,-20.794,-8.883,11.912,533
0.05,MANY-SHORT,1,9,102,3,5.0,-19.631,-11.1,8.531,465
0.05,MANY-SHORT,1,10,102,3,5.0,-27.743,-19.222,8.522,518
0.05,MANY-SHORT,1,11,102,3,5.0,-9.907,-12.535,-2.629,498
0.05,MANY-SHORT,1,12,102,3,5.0,-84.574,-6.401,78.173,491
0.05,MANY-SHORT,1,13,102,3,5.0,-141.939,-5.492,136.446,496
0.05,MANY-SHORT,1,14,102,3,5.0,-178.679,-9.877,168.802,494
0.05,MANY-SHORT,1,15,102,3,5.0,-12.297,-10.156,2.141,518
0.05,MANY-SHORT,1,16,102,3,5.0,-27.366,-12.739,14.627,493
0.05,MANY-SHORT,1,17,102,3,5.0,-19.949,-5.366,14.583,457
0.05,MANY-SHORT,1,18,102,3,5.0,-42.706,-10.058,32.648,518
0.05,MANY-SHORT,1,19,102,3,5.0,-19.26,-7.666,11.595,565
0.05,MANY-SHORT,1,20,102,3,5.0,-12.783,-8.507,4.276,571
0.05,MANY-SHORT,1,21,102,3,5.0,-20.452,-9.566,10.886,500
0.05,MANY-SHORT,1,22,102,3,5.0,-23.049,-10.387,12.662,470
0.05,MANY-SHORT,1,23,102,3,5.0,-25.475,-12.204,13.271,448
0.05,MANY-SHORT,1,24,102,3,5.0,-19.055,-6.58,12.475,538
0.05,MANY-SHORT,1,25,102,3,5.0,-39.848,-9.259,30.589,532
0.05,MANY-SHORT,1,26,102,3,5.0,-15.081,-7.727,7.354,501
0.05,MANY-SHORT,1,27,102,3,5.0,-13.511,-8.807,4.704,544
0.05,MANY-SHORT,1,28,102,3,5.0,-18.231,-19.686,-1.455,514
0.05,MANY-SHORT,1,29,102,3,5.0,-34.125,-10.093,24.032,535
0.05,MANY-SHORT,3,0,102,3,5.0,-21.031,-14.973,6.058,467
0.05,MANY-SHORT,3,1,102,3,5.0,-35.228,-16.816,18.413,441
0.05,MANY-SHORT,3,2,102,3,5.0,-26.569,-11.459,15.11,466
0.05,MANY-SHORT,3,3,102,3,5.0,-25.805,-14.962,10.844,449
0.05,MANY-SHORT,3,4,102,3,5.0,-24.991,-15.99,9.001,469
0.05,MANY-SHORT,3,5,102,3,5.0,-51.819,-12.568,39.252,488
0.05,MANY-SHORT,3,6,102,3,5.0,-134.34,-18.086,116.254,486
0.05,MANY-SHORT,3,7,102,3,5.0,-16.68,-13.387,3.293,451
0.05,MANY-SHORT,3,8,102,3,5.0,-22.51,-15.881,6.629,516
0.05,MANY-SHORT,3,9,102,3,5.0,-17.816,-6.765,11.051,445
0.05,MANY-SHORT,3,10,102,3,5.0,-15.154,-21.943,-6.789,499
0.05,MANY-SHORT,3,11,102,3,5.0,-9.727,-14.136,-4.409,478
0.05,MANY-SHORT,3,12,102,3,5.0,-91.663,-5.35,86.314,474
0.05,MANY-SHORT,3,13,102,3,5.0,-64.811,-6.983,57.828,476
0.05,MANY-SHORT,3,14,102,3,5.0,-118.869,-5.232,113.637,477
0.05,MANY-SHORT,3,15,102,3,5.0,-14.759,-14.061,0.699,502
0.05,MANY-SHORT,3,16,102,3,5.0,-52.479,-13.276,39.203,474
0.05,MANY-SHORT,3,17,102,3,5.0,-20.1,-11.256,8.844,439
0.05,MANY-SHORT,3,18,102,3,5.0,-37.626,-15.799,21.827,501
0.05,MANY-SHORT,3,19,102,3,5.0,-29.767,-13.075,16.692,548
0.05,MANY-SHORT,3,20,102,3,5.0,-17.035,-10.985,6.05,553
0.05,MANY-SHORT,3,21,102,3,5.0,-35.58,-12.9,22.68,481
0.05,MANY-SHORT,3,22,102,3,5.0,-43.119,-12.056,31.063,451
0.05,MANY-SHORT,3,23,102,3,5.0,-37.506,-16.055,21.451,427
0.05,MANY-SHORT,3,24,102,3,5.0,-32.457,-16.779,15.678,523
0.05,MANY-SHORT,3,25,102,3,5.0,-46.936,-12.064,34.872,516
0.05,MANY-SHORT,3,26,102,3,5.0,-23.202,-8.713,14.489,485
0.05,MANY-SHORT,3,27,102,3,5.0,-7.377,-12.46,-5.083,528
0.05,MANY-SHORT,3,28,102,3,5.0,-19.711,-9.24,10.471,495
0.05,MANY-SHORT,3,29,102,3,5.0,-34.187,-11.744,22.443,517
0.05,MEDIUM,1,0,17,18,5.0,-8.189,-6.545,1.644,1191
0.05,MEDIUM,1,1,17,18,5.0,-13.584,-8.796,4.788,1188
0.05,MEDIUM,1,2,17,18,5.0,-9.327,-8.379,0.947,1167
0.05,MEDIUM,1,3,17,18,5.0,-11.078,-12.003,-0.925,1179
0.05,MEDIUM,1,4,17,18,5.0,-15.753,-12.015,3.738,1184
0.05,MEDIUM,1,5,17,18,5.0,-7.181,-13.557,-6.376,1202
0.05,MEDIUM,1,6,17,18,5.0,-27.03,-11.326,15.704,1204
0.05,MEDIUM,1,7,17,18,5.0,-14.729,-12.86,1.869,1168
0.05,MEDIUM,1,8,17,18,5.0,-16.362,-11.701,4.661,1182
0.05,MEDIUM,1,9,17,18,5.0,-17.87,-10.145,7.725,1189
0.05,MEDIUM,1,10,17,18,5.0,-9.946,-8.954,0.992,1211
0.05,MEDIUM,1,11,17,18,5.0,-10.663,-11.967,-1.304,1195
0.05,MEDIUM,1,12,17,18,5.0,-12.045,-12.184,-0.138,1201
0.05,MEDIUM,1,13,17,18,5.0,-16.639,-11.765,4.874,1215
0.05,MEDIUM,1,14,17,18,5.0,-13.36,-2.625,10.735,1189
0.05,MEDIUM,1,15,17,18,5.0,-11.482,-9.704,1.778,1176
0.05,MEDIUM,1,16,17,18,5.0,-10.062,-10.504,-0.443,1185
0.05,MEDIUM,1,17,17,18,5.0,-10.617,-8.956,1.66,1180
0.05,MEDIUM,1,18,17,18,5.0,-17.662,-10.807,6.855,1176
0.05,MEDIUM,1,19,17,18,5.0,-13.837,-9.238,4.599,1169
0.05,MEDIUM,1,20,17,18,5.0,-13.227,-9.765,3.462,1177
0.05,MEDIUM,1,21,17,18,5.0,-10.819,-11.083,-0.264,1188
0.05,MEDIUM,1,22,17,18,5.0,-14.697,-10.362,4.334,1184
0.05,MEDIUM,1,23,17,18,5.0,-9.282,-11.014,-1.732,1210
0.05,MEDIUM,1,24,17,18,5.0,-17.567,-11.469,6.097,1225
0.05,MEDIUM,1,25,17,18,5.0,-15.653,-12.733,2.919,1186
0.05,MEDIUM,1,26,17,18,5.0,-12.773,-10.208,2.565,1188
0.05,MEDIUM,1,27,17,18,5.0,-12.359,-7.543,4.817,1201
0.05,MEDIUM,1,28,17,18,5.0,-12.609,-8.564,4.045,1187
0.05,MEDIUM,1,29,17,18,5.0,-14.454,-9.55,4.904,1182
0.05,MEDIUM,3,0,17,18,5.0,-14.786,-14.211,0.575,1181
0.05,MEDIUM,3,1,17,18,5.0,-18.515,-13.204,5.311,1178
0.05,MEDIUM,3,2,17,18,5.0,-17.574,-13.632,3.943,1157
0.05,MEDIUM,3,3,17,18,5.0,-17.723,-17.664,0.059,1169
0.05,MEDIUM,3,4,17,18,5.0,-14.115,-9.899,4.216,1174
0.05,MEDIUM,3,5,17,18,5.0,-15.534,-18.412,-2.878,1193
0.05,MEDIUM,3,6,17,18,5.0,-20.739,-11.628,9.111,1195
0.05,MEDIUM,3,7,17,18,5.0,-11.866,-10.534,1.332,1158
0.05,MEDIUM,3,8,17,18,5.0,-23.379,-15.644,7.735,1172
0.05,MEDIUM,3,9,17,18,5.0,-14.267,-7.718,6.549,1180
0.05,MEDIUM,3,10,17,18,5.0,-9.973,-8.682,1.292,1202
0.05,MEDIUM,3,11,17,18,5.0,-15.141,-17.538,-2.397,1186
0.05,MEDIUM,3,12,17,18,5.0,-18.548,-15.635,2.913,1192
0.05,MEDIUM,3,13,17,18,5.0,-13.401,-10.081,3.319,1208
0.05,MEDIUM,3,14,17,18,5.0,-20.184,-7.348,12.837,1181
0.05,MEDIUM,3,15,17,18,5.0,-16.445,-13.405,3.04,1167
0.05,MEDIUM,3,16,17,18,5.0,-19.158,-10.281,8.877,1175
0.05,MEDIUM,3,17,17,18,5.0,-11.921,-13.862,-1.941,1169
0.05,MEDIUM,3,18,17,18,5.0,-11.76,-14.325,-2.564,1166
0.05,MEDIUM,3,19,17,18,5.0,-13.652,-11.297,2.355,1159
0.05,MEDIUM,3,20,17,18,5.0,-15.543,-14.569,0.973,1167
0.05,MEDIUM,3,21,17,18,5.0,-17.549,-13.081,4.468,1178
0.05,MEDIUM,3,22,17,18,5.0,-15.09,-13.608,1.482,1174
0.05,MEDIUM,3,23,17,18,5.0,-16.019,-13.495,2.524,1202
0.05,MEDIUM,3,24,17,18,5.0,-16.083,-14.971,1.112,1216
0.05,MEDIUM,3,25,17,18,5.0,-23.487,-16.399,7.088,1176
0.05,MEDIUM,3,26,17,18,5.0,-18.353,-16.321,2.032,1178
0.05,MEDIUM,3,27,17,18,5.0,-15.881,-13.833,2.048,1191
0.05,MEDIUM,3,28,17,18,5.0,-18.843,-6.753,12.09,1177
0.05,MEDIUM,3,29,17,18,5.0,-16.422,-11.751,4.671,1173
0.05,FEW-LONG,1,0,2,144,4.71,-13.232,-10.999,2.233,1400
0.05,FEW-LONG,1,1,2,144,4.71,-9.156,-12.064,-2.908,1400
0.05,FEW-LONG,1,2,2,144,4.71,-11.94,-12.501,-0.561,1400
0.05,FEW-LONG,1,3,2,144,4.71,-10.349,-9.914,0.434,1400
0.05,FEW-LONG,1,4,2,144,4.71,-10.338,-9.91,0.428,1400
0.05,FEW-LONG,1,5,2,144,4.71,-15.231,-9.035,6.196,1400
0.05,FEW-LONG,1,6,2,144,4.71,-10.747,-9.207,1.54,1400
0.05,FEW-LONG,1,7,2,144,4.71,-11.933,-10.075,1.859,1400
0.05,FEW-LONG,1,8,2,144,4.71,-7.363,-11.112,-3.749,1400
0.05,FEW-LONG,1,9,2,144,4.71,-12.135,-11.6,0.535,1400
0.05,FEW-LONG,1,10,2,144,4.71,-11.218,-11.988,-0.769,1400
0.05,FEW-LONG,1,11,2,144,4.71,-8.115,-10.689,-2.574,1400
0.05,FEW-LONG,1,12,2,144,4.71,-9.868,-9.054,0.814,1400
0.05,FEW-LONG,1,13,2,144,4.71,-17.629,-14.201,3.428,1408
0.05,FEW-LONG,1,14,2,144,4.71,-11.326,-9.549,1.777,1400
0.05,FEW-LONG,1,15,2,144,4.71,-15.747,-15.349,0.398,1400
0.05,FEW-LONG,1,16,2,144,4.71,-8.836,-10.091,-1.256,1411
0.05,FEW-LONG,1,17,2,144,4.71,-10.776,-7.076,3.7,1400
0.05,FEW-LONG,1,18,2,144,4.71,-9.94,-9.814,0.126,1400
0.05,FEW-LONG,1,19,2,144,4.71,-10.676,-8.953,1.723,1400
0.05,FEW-LONG,1,20,2,144,4.71,-11.218,-14.465,-3.247,1400
0.05,FEW-LONG,1,21,2,144,4.71,-12.759,-9.54,3.219,1400
0.05,FEW-LONG,1,22,2,144,4.71,-12.43,-13.369,-0.939,1400
0.05,FEW-LONG,1,23,2,144,4.71,-11.134,-13.171,-2.037,1400
0.05,FEW-LONG,1,24,2,144,4.71,-11.709,-29.541,-17.832,1400
0.05,FEW-LONG,1,25,2,144,4.71,-11.539,-10.275,1.263,1400
0.05,FEW-LONG,1,26,2,144,4.71,-11.7,-10.187,1.513,1400
0.05,FEW-LONG,1,27,2,144,4.71,-13.895,-14.143,-0.248,1400
0.05,FEW-LONG,1,28,2,144,4.71,-12.315,-6.539,5.776,1400
0.05,FEW-LONG,1,29,2,144,4.71,-10.835,-8.141,2.694,1400
0.05,FEW-LONG,3,0,2,144,4.71,-14.426,-10.173,4.253,1396
0.05,FEW-LONG,3,1,2,144,4.71,-15.909,-14.443,1.465,1396
0.05,FEW-LONG,3,2,2,144,4.71,-11.897,-12.349,-0.452,1396
0.05,FEW-LONG,3,3,2,144,4.71,-8.44,-6.818,1.622,1396
0.05,FEW-LONG,3,4,2,144,4.71,-10.558,-7.731,2.827,1396
0.05,FEW-LONG,3,5,2,144,4.71,-9.288,-9.553,-0.266,1396
0.05,FEW-LONG,3,6,2,144,4.71,-14.428,-12.001,2.428,1396
0.05,FEW-LONG,3,7,2,144,4.71,-8.755,-9.051,-0.296,1396
0.05,FEW-LONG,3,8,2,144,4.71,-15.638,-17.133,-1.494,1396
0.05,FEW-LONG,3,9,2,144,4.71,-13.815,-10.51,3.304,1396
0.05,FEW-LONG,3,10,2,144,4.71,-13.47,-16.956,-3.487,1396
0.05,FEW-LONG,3,11,2,144,4.71,-9.211,-9.579,-0.368,1396
0.05,FEW-LONG,3,12,2,144,4.71,-16.374,-12.237,4.137,1396
0.05,FEW-LONG,3,13,2,144,4.71,-18.449,-18.789,-0.341,1405
0.05,FEW-LONG,3,14,2,144,4.71,-10.969,-7.853,3.116,1396
0.05,FEW-LONG,3,15,2,144,4.71,-9.9,-9.835,0.065,1396
0.05,FEW-LONG,3,16,2,144,4.71,-14.763,-13.837,0.926,1408
0.05,FEW-LONG,3,17,2,144,4.71,-11.82,-10.879,0.941,1396
0.05,FEW-LONG,3,18,2,144,4.71,-11.856,-13.049,-1.193,1396
0.05,FEW-LONG,3,19,2,144,4.71,-15.041,-13.091,1.949,1396
0.05,FEW-LONG,3,20,2,144,4.71,-11.387,-12.777,-1.39,1396
0.05,FEW-LONG,3,21,2,144,4.71,-14.328,-11.826,2.502,1396
0.05,FEW-LONG,3,22,2,144,4.71,-17.26,-18.195,-0.935,1396
0.05,FEW-LONG,3,23,2,144,4.71,-20.274,-19.066,1.208,1396
0.05,FEW-LONG,3,24,2,144,4.71,-19.17,-18.957,0.213,1396
0.05,FEW-LONG,3,25,2,144,4.71,-16.985,-17.037,-0.052,1396
0.05,FEW-LONG,3,26,2,144,4.71,-15.948,-13.55,2.398,1396
0.05,FEW-LONG,3,27,2,144,4.71,-16.326,-15.951,0.375,1396
0.05,FEW-LONG,3,28,2,144,4.71,-15.379,-11.729,3.65,1396
0.05,FEW-LONG,3,29,2,144,4.71,-8.946,-7.463,1.483,1396
0.1,MANY-SHORT,1,0,204,3,10.0,-92.853,-14.065,78.788,165
0.1,MANY-SHORT,1,1,204,3,10.0,-51.037,-15.499,35.538,183
0.1,MANY-SHORT,1,2,204,3,10.0,-42.879,-19.017,23.862,180
0.1,MANY-SHORT,1,3,204,3,10.0,-20.32,-12.066,8.253,178
0.1,MANY-SHORT,1,4,204,3,10.0,-33.106,-15.15,17.956,164
0.1,MANY-SHORT,1,6,204,3,10.0,-24.36,-15.474,8.887,186
0.1,MANY-SHORT,1,8,204,3,10.0,-39.773,-11.187,28.587,181
0.1,MANY-SHORT,1,9,204,3,10.0,-48.406,-12.534,35.872,202
0.1,MANY-SHORT,1,10,204,3,10.0,-52.795,-29.529,23.266,194
0.1,MANY-SHORT,1,11,204,3,10.0,-21.828,-15.744,6.085,211
0.1,MANY-SHORT,1,12,204,3,10.0,-14.89,-10.146,4.744,160
0.1,MANY-SHORT,1,13,204,3,10.0,-51.526,-9.718,41.808,173
0.1,MANY-SHORT,1,14,204,3,10.0,-41.466,-7.162,34.304,159
0.1,MANY-SHORT,1,15,204,3,10.0,-29.06,-10.093,18.967,160
0.1,MANY-SHORT,1,16,204,3,10.0,-27.672,-9.175,18.497,185
0.1,MANY-SHORT,1,17,204,3,10.0,-137.908,-12.257,125.651,171
0.1,MANY-SHORT,1,18,204,3,10.0,-29.6,-12.283,17.317,156
0.1,MANY-SHORT,1,19,204,3,10.0,-187.581,-12.353,175.229,207
0.1,MANY-SHORT,1,20,204,3,10.0,-25.153,-9.985,15.168,196
0.1,MANY-SHORT,1,21,204,3,10.0,-37.289,-12.386,24.902,206
0.1,MANY-SHORT,1,22,204,3,10.0,-34.071,-10.036,24.035,155
0.1,MANY-SHORT,1,25,204,3,10.0,-32.851,-11.955,20.896,169
0.1,MANY-SHORT,1,26,204,3,10.0,-23.049,-10.036,13.013,176
0.1,MANY-SHORT,1,27,204,3,10.0,-9.758,-11.113,-1.355,221
0.1,MANY-SHORT,1,29,204,3,10.0,-47.73,-11.701,36.029,151
0.1,MANY-SHORT,3,0,204,3,10.0,-81.463,-13.829,67.634,154
0.1,MANY-SHORT,3,1,204,3,10.0,-52.996,-10.933,42.063,171
0.1,MANY-SHORT,3,2,204,3,10.0,-31.929,-11.79,20.139,169
0.1,MANY-SHORT,3,3,204,3,10.0,-12.105,-18.194,-6.089,167
0.1,MANY-SHORT,3,4,204,3,10.0,-50.374,-19.165,31.209,152
0.1,MANY-SHORT,3,6,204,3,10.0,-35.067,-25.669,9.398,175
0.1,MANY-SHORT,3,8,204,3,10.0,-26.556,-14.179,12.377,171
0.1,MANY-SHORT,3,9,204,3,10.0,-18.363,-14.938,3.425,190
0.1,MANY-SHORT,3,10,204,3,10.0,-52.888,-31.026,21.861,183
0.1,MANY-SHORT,3,11,204,3,10.0,-52.326,-15.83,36.497,199
0.1,MANY-SHORT,3,13,204,3,10.0,-61.025,-14.728,46.297,160
0.1,MANY-SHORT,3,16,204,3,10.0,-37.101,-10.62,26.481,173
0.1,MANY-SHORT,3,17,204,3,10.0,-99.293,-7.36,91.933,160
0.1,MANY-SHORT,3,19,204,3,10.0,-148.925,-15.209,133.716,194
0.1,MANY-SHORT,3,20,204,3,10.0,-31.125,-11.576,19.549,186
0.1,MANY-SHORT,3,21,204,3,10.0,-43.257,-11.632,31.626,196
0.1,MANY-SHORT,3,25,204,3,10.0,-36.851,-15.58,21.271,159
0.1,MANY-SHORT,3,26,204,3,10.0,-36.253,-13.129,23.124,165
0.1,MANY-SHORT,3,27,204,3,10.0,-11.465,-10.393,1.071,210
0.1,MEDIUM,1,0,34,18,10.0,-14.252,-3.685,10.567,968
0.1,MEDIUM,1,1,34,18,10.0,-20.239,-16.513,3.726,926
0.1,MEDIUM,1,2,34,18,10.0,-20.401,-7.421,12.981,898
0.1,MEDIUM,1,3,34,18,10.0,-20.639,-10.683,9.956,897
0.1,MEDIUM,1,4,34,18,10.0,-22.05,-14.242,7.808,921
0.1,MEDIUM,1,5,34,18,10.0,-5.567,-13.818,-8.251,915
0.1,MEDIUM,1,6,34,18,10.0,-32.319,-12.049,20.27,916
0.1,MEDIUM,1,7,34,18,10.0,-12.877,-10.088,2.789,927
0.1,MEDIUM,1,8,34,18,10.0,-13.127,-11.22,1.907,915
0.1,MEDIUM,1,9,34,18,10.0,-75.537,-13.626,61.911,928
0.1,MEDIUM,1,10,34,18,10.0,-10.625,-8.151,2.474,972
0.1,MEDIUM,1,11,34,18,10.0,-16.062,-13.917,2.145,910
0.1,MEDIUM,1,12,34,18,10.0,-11.319,-8.088,3.232,901
0.1,MEDIUM,1,13,34,18,10.0,-18.107,-10.166,7.941,924
0.1,MEDIUM,1,14,34,18,10.0,-13.12,-4.392,8.729,927
0.1,MEDIUM,1,15,34,18,10.0,-11.463,-13.381,-1.918,923
0.1,MEDIUM,1,16,34,18,10.0,-11.504,-9.325,2.18,900
0.1,MEDIUM,1,17,34,18,10.0,-9.836,-7.836,2.0,903
0.1,MEDIUM,1,18,34,18,10.0,-28.775,-13.492,15.284,923
0.1,MEDIUM,1,19,34,18,10.0,-19.973,-8.6,11.373,971
0.1,MEDIUM,1,20,34,18,10.0,-5.429,-19.346,-13.918,914
0.1,MEDIUM,1,21,34,18,10.0,-20.35,-4.749,15.601,907
0.1,MEDIUM,1,22,34,18,10.0,-8.295,-9.732,-1.437,897
0.1,MEDIUM,1,23,34,18,10.0,-13.679,-14.672,-0.993,905
0.1,MEDIUM,1,24,34,18,10.0,-23.926,-23.236,0.69,948
0.1,MEDIUM,1,25,34,18,10.0,-15.909,-11.301,4.608,926
0.1,MEDIUM,1,26,34,18,10.0,-18.835,-13.359,5.476,905
0.1,MEDIUM,1,27,34,18,10.0,-12.238,-2.792,9.446,947
0.1,MEDIUM,1,28,34,18,10.0,-28.906,-12.588,16.318,930
0.1,MEDIUM,1,29,34,18,10.0,-25.745,-9.976,15.769,928
0.1,MEDIUM,3,0,34,18,10.0,-18.58,-10.361,8.219,956
0.1,MEDIUM,3,1,34,18,10.0,-10.9,-16.931,-6.031,913
0.1,MEDIUM,3,2,34,18,10.0,-26.916,-9.325,17.591,884
0.1,MEDIUM,3,3,34,18,10.0,-18.185,-15.453,2.733,882
0.1,MEDIUM,3,4,34,18,10.0,-12.476,-13.543,-1.067,907
0.1,MEDIUM,3,5,34,18,10.0,-12.453,-20.921,-8.468,900
0.1,MEDIUM,3,6,34,18,10.0,-33.142,-12.645,20.497,901
0.1,MEDIUM,3,7,34,18,10.0,-10.607,-10.259,0.348,913
0.1,MEDIUM,3,8,34,18,10.0,-35.281,-15.306,19.975,901
0.1,MEDIUM,3,9,34,18,10.0,-32.806,-10.304,22.501,915
0.1,MEDIUM,3,10,34,18,10.0,-14.268,-10.88,3.389,959
0.1,MEDIUM,3,11,34,18,10.0,-10.692,-14.111,-3.419,896
0.1,MEDIUM,3,12,34,18,10.0,-21.976,-18.074,3.903,886
0.1,MEDIUM,3,13,34,18,10.0,-12.176,-11.457,0.719,910
0.1,MEDIUM,3,14,34,18,10.0,-18.815,-11.29,7.525,914
0.1,MEDIUM,3,15,34,18,10.0,-11.955,-13.542,-1.587,910
0.1,MEDIUM,3,16,34,18,10.0,-15.17,-9.548,5.622,884
0.1,MEDIUM,3,17,34,18,10.0,-11.752,-14.432,-2.68,890
0.1,MEDIUM,3,18,34,18,10.0,-22.619,-15.707,6.912,909
0.1,MEDIUM,3,19,34,18,10.0,-22.663,-13.328,9.335,959
0.1,MEDIUM,3,20,34,18,10.0,-17.408,-17.554,-0.146,900
0.1,MEDIUM,3,21,34,18,10.0,-26.969,-4.405,22.563,893
0.1,MEDIUM,3,22,34,18,10.0,-10.569,-12.788,-2.218,883
0.1,MEDIUM,3,23,34,18,10.0,-29.51,-17.505,12.005,891
0.1,MEDIUM,3,24,34,18,10.0,-22.475,-22.552,-0.077,934
0.1,MEDIUM,3,25,34,18,10.0,-17.825,-16.252,1.574,912
0.1,MEDIUM,3,26,34,18,10.0,-28.857,-16.606,12.251,890
0.1,MEDIUM,3,27,34,18,10.0,-19.783,-7.649,12.134,934
0.1,MEDIUM,3,28,34,18,10.0,-25.833,-9.914,15.918,916
0.1,MEDIUM,3,29,34,18,10.0,-43.613,-16.327,27.286,915
0.1,FEW-LONG,1,0,4,144,9.41,-7.09,-9.452,-2.362,1297
0.1,FEW-LONG,1,1,4,144,9.41,-11.229,-12.438,-1.21,1297
0.1,FEW-LONG,1,2,4,144,9.41,-13.5,-10.291,3.209,1297
0.1,FEW-LONG,1,3,4,144,9.41,-9.256,-6.36,2.896,1297
0.1,FEW-LONG,1,4,4,144,9.41,-14.545,-13.454,1.092,1297
0.1,FEW-LONG,1,5,4,144,9.41,-13.171,-6.193,6.978,1297
0.1,FEW-LONG,1,6,4,144,9.41,-7.79,-7.723,0.067,1297
0.1,FEW-LONG,1,7,4,144,9.41,-22.295,-22.099,0.195,1297
0.1,FEW-LONG,1,8,4,144,9.41,-12.823,-9.42,3.403,1297
0.1,FEW-LONG,1,9,4,144,9.41,-15.509,-15.563,-0.054,1297
0.1,FEW-LONG,1,10,4,144,9.41,-13.888,-12.725,1.164,1297
0.1,FEW-LONG,1,11,4,144,9.41,-10.806,-9.302,1.504,1297
0.1,FEW-LONG,1,12,4,144,9.41,-14.048,-15.197,-1.149,1312
0.1,FEW-LONG,1,13,4,144,9.41,-14.61,-10.278,4.332,1305
0.1,FEW-LONG,1,14,4,144,9.41,-15.36,-11.668,3.691,1297
0.1,FEW-LONG,1,15,4,144,9.41,-19.303,-18.399,0.904,1297
0.1,FEW-LONG,1,16,4,144,9.41,-10.31,-8.38,1.931,1309
0.1,FEW-LONG,1,17,4,144,9.41,-14.231,-10.485,3.747,1297
0.1,FEW-LONG,1,18,4,144,9.41,-9.127,-11.675,-2.548,1297
0.1,FEW-LONG,1,19,4,144,9.41,-9.633,-10.58,-0.946,1297
0.1,FEW-LONG,1,20,4,144,9.41,-11.637,-16.0,-4.363,1297
0.1,FEW-LONG,1,21,4,144,9.41,-10.631,-24.58,-13.949,1297
0.1,FEW-LONG,1,22,4,144,9.41,-15.116,-22.867,-7.751,1297
0.1,FEW-LONG,1,23,4,144,9.41,-12.215,-11.672,0.543,1297
0.1,FEW-LONG,1,24,4,144,9.41,-12.868,-33.988,-21.12,1302
0.1,FEW-LONG,1,25,4,144,9.41,-7.969,-5.687,2.282,1297
0.1,FEW-LONG,1,26,4,144,9.41,-8.966,-8.056,0.91,1297
0.1,FEW-LONG,1,27,4,144,9.41,-15.779,-12.53,3.248,1297
0.1,FEW-LONG,1,28,4,144,9.41,-12.459,-17.61,-5.151,1302
0.1,FEW-LONG,1,29,4,144,9.41,-9.074,-8.565,0.509,1297
0.1,FEW-LONG,3,0,4,144,9.41,-18.059,-16.191,1.867,1293
0.1,FEW-LONG,3,1,4,144,9.41,-13.935,-17.308,-3.373,1293
0.1,FEW-LONG,3,2,4,144,9.41,-16.702,-14.155,2.547,1293
0.1,FEW-LONG,3,3,4,144,9.41,-15.392,-11.464,3.928,1293
0.1,FEW-LONG,3,4,4,144,9.41,-14.293,-17.523,-3.23,1293
0.1,FEW-LONG,3,5,4,144,9.41,-16.158,-9.029,7.129,1293
0.1,FEW-LONG,3,6,4,144,9.41,-12.441,-12.528,-0.087,1293
0.1,FEW-LONG,3,7,4,144,9.41,-20.342,-30.419,-10.077,1293
0.1,FEW-LONG,3,8,4,144,9.41,-19.107,-15.936,3.171,1293
0.1,FEW-LONG,3,9,4,144,9.41,-18.688,-15.601,3.087,1293
0.1,FEW-LONG,3,10,4,144,9.41,-15.841,-17.317,-1.476,1293
0.1,FEW-LONG,3,11,4,144,9.41,-16.098,-13.423,2.674,1293
0.1,FEW-LONG,3,12,4,144,9.41,-13.605,-9.658,3.947,1308
0.1,FEW-LONG,3,13,4,144,9.41,-12.505,-18.133,-5.627,1301
0.1,FEW-LONG,3,14,4,144,9.41,-19.876,-12.822,7.054,1293
0.1,FEW-LONG,3,15,4,144,9.41,-10.642,-21.941,-11.299,1293
0.1,FEW-LONG,3,16,4,144,9.41,-11.633,-11.222,0.411,1305
0.1,FEW-LONG,3,17,4,144,9.41,-22.116,-19.146,2.97,1293
0.1,FEW-LONG,3,18,4,144,9.41,-20.583,-18.304,2.279,1293
0.1,FEW-LONG,3,19,4,144,9.41,-14.704,-12.754,1.95,1293
0.1,FEW-LONG,3,20,4,144,9.41,-17.472,-20.046,-2.574,1293
0.1,FEW-LONG,3,21,4,144,9.41,-16.064,-40.099,-24.035,1293
0.1,FEW-LONG,3,22,4,144,9.41,-19.219,-23.095,-3.876,1293
0.1,FEW-LONG,3,23,4,144,9.41,-18.163,-16.657,1.506,1293
0.1,FEW-LONG,3,24,4,144,9.41,-17.518,-20.072,-2.553,1298
0.1,FEW-LONG,3,25,4,144,9.41,-18.121,-12.716,5.406,1293
0.1,FEW-LONG,3,26,4,144,9.41,-20.927,-16.232,4.696,1293
0.1,FEW-LONG,3,27,4,144,9.41,-14.017,-15.524,-1.506,1293
0.1,FEW-LONG,3,28,4,144,9.41,-18.993,-18.082,0.911,1298
0.1,FEW-LONG,3,29,4,144,9.41,-13.971,-15.371,-1.4,1293
0.2,MEDIUM,1,0,68,18,20.0,-23.499,-8.393,15.106,499
0.2,MEDIUM,1,1,68,18,20.0,-45.12,-17.331,27.789,542
0.2,MEDIUM,1,2,68,18,20.0,-29.655,-12.196,17.459,476
0.2,MEDIUM,1,3,68,18,20.0,-35.157,-15.381,19.776,484
0.2,MEDIUM,1,4,68,18,20.0,-17.205,-8.904,8.3,490
0.2,MEDIUM,1,5,68,18,20.0,-33.797,-35.398,-1.601,506
0.2,MEDIUM,1,6,68,18,20.0,-88.718,-9.35,79.368,528
0.2,MEDIUM,1,7,68,18,20.0,-16.989,-14.886,2.103,514
0.2,MEDIUM,1,8,68,18,20.0,-26.311,-42.974,-16.662,504
0.2,MEDIUM,1,9,68,18,20.0,-20.16,-12.508,7.652,519
0.2,MEDIUM,1,10,68,18,20.0,-12.633,-6.423,6.211,524
0.2,MEDIUM,1,11,68,18,20.0,-37.243,-9.911,27.332,497
0.2,MEDIUM,1,12,68,18,20.0,-20.275,-12.958,7.317,459
0.2,MEDIUM,1,13,68,18,20.0,-38.557,-15.229,23.327,487
0.2,MEDIUM,1,14,68,18,20.0,-28.128,-5.165,22.963,521
0.2,MEDIUM,1,15,68,18,20.0,-22.372,-13.219,9.153,534
0.2,MEDIUM,1,16,68,18,20.0,-21.588,-9.665,11.923,473
0.2,MEDIUM,1,17,68,18,20.0,-9.553,-12.942,-3.389,515
0.2,MEDIUM,1,18,68,18,20.0,-53.819,-12.189,41.63,516
0.2,MEDIUM,1,19,68,18,20.0,-13.231,-9.194,4.037,546
0.2,MEDIUM,1,20,68,18,20.0,-11.571,-18.906,-7.335,562
0.2,MEDIUM,1,21,68,18,20.0,-12.862,-11.696,1.166,568
0.2,MEDIUM,1,22,68,18,20.0,-28.85,-9.161,19.689,477
0.2,MEDIUM,1,23,68,18,20.0,-15.406,-10.11,5.295,471
0.2,MEDIUM,1,24,68,18,20.0,-56.022,-18.413,37.609,539
0.2,MEDIUM,1,25,68,18,20.0,-17.378,-11.106,6.272,557
0.2,MEDIUM,1,26,68,18,20.0,-59.256,-14.671,44.585,504
0.2,MEDIUM,1,27,68,18,20.0,-10.41,-18.852,-8.442,553
0.2,MEDIUM,1,28,68,18,20.0,-12.813,-11.239,1.573,484
0.2,MEDIUM,1,29,68,18,20.0,-30.891,-14.756,16.135,565
0.2,MEDIUM,3,0,68,18,20.0,-28.349,-17.977,10.373,482
0.2,MEDIUM,3,1,68,18,20.0,-67.964,-10.126,57.838,529
0.2,MEDIUM,3,2,68,18,20.0,-27.96,-15.897,12.062,462
0.2,MEDIUM,3,3,68,18,20.0,-47.978,-13.374,34.604,467
0.2,MEDIUM,3,4,68,18,20.0,-7.189,-6.18,1.008,473
0.2,MEDIUM,3,5,68,18,20.0,-54.586,-39.064,15.522,490
0.2,MEDIUM,3,6,68,18,20.0,-77.52,-12.462,65.058,513
0.2,MEDIUM,3,7,68,18,20.0,-11.641,-17.378,-5.737,498
0.2,MEDIUM,3,8,68,18,20.0,-30.579,-26.454,4.125,488
0.2,MEDIUM,3,9,68,18,20.0,-25.448,-9.438,16.01,502
0.2,MEDIUM,3,10,68,18,20.0,-25.998,-16.437,9.561,507
0.2,MEDIUM,3,11,68,18,20.0,-20.948,-12.61,8.339,481
0.2,MEDIUM,3,12,68,18,20.0,-24.818,-14.868,9.95,442
0.2,MEDIUM,3,13,68,18,20.0,-23.903,-15.535,8.368,470
0.2,MEDIUM,3,14,68,18,20.0,-16.989,-7.815,9.174,505
0.2,MEDIUM,3,15,68,18,20.0,-15.622,-16.215,-0.593,520
0.2,MEDIUM,3,16,68,18,20.0,-21.377,-18.021,3.356,456
0.2,MEDIUM,3,17,68,18,20.0,-19.584,-20.568,-0.984,499
0.2,MEDIUM,3,18,68,18,20.0,-40.857,-14.121,26.736,503
0.2,MEDIUM,3,19,68,18,20.0,-28.314,-11.061,17.253,531
0.2,MEDIUM,3,20,68,18,20.0,-18.878,-19.677,-0.799,547
0.2,MEDIUM,3,21,68,18,20.0,-19.044,-12.989,6.056,553
0.2,MEDIUM,3,22,68,18,20.0,-37.822,-12.395,25.428,459
0.2,MEDIUM,3,23,68,18,20.0,-44.152,-15.357,28.795,453
0.2,MEDIUM,3,24,68,18,20.0,-43.545,-31.589,11.956,522
0.2,MEDIUM,3,25,68,18,20.0,-33.251,-11.979,21.272,541
0.2,MEDIUM,3,26,68,18,20.0,-51.274,-15.85,35.424,489
0.2,MEDIUM,3,27,68,18,20.0,-7.094,-3.819,3.274,537
0.2,MEDIUM,3,28,68,18,20.0,-9.754,-13.169,-3.415,466
0.2,MEDIUM,3,29,68,18,20.0,-33.509,-17.39,16.118,550
0.2,FEW-LONG,1,0,8,144,18.82,-13.732,-12.704,1.027,1096
0.2,FEW-LONG,1,1,8,144,18.82,-12.732,-10.711,2.021,1092
0.2,FEW-LONG,1,2,8,144,18.82,-7.726,-11.131,-3.405,1093
0.2,FEW-LONG,1,3,8,144,18.82,-6.588,-6.489,0.099,1092
0.2,FEW-LONG,1,4,8,144,18.82,-15.887,-13.915,1.972,1097
0.2,FEW-LONG,1,5,8,144,18.82,-15.405,-6.421,8.984,1092
0.2,FEW-LONG,1,6,8,144,18.82,-12.967,-11.432,1.535,1100
0.2,FEW-LONG,1,7,8,144,18.82,-22.404,-25.023,-2.619,1092
0.2,FEW-LONG,1,8,8,144,18.82,-20.076,-10.022,10.054,1092
0.2,FEW-LONG,1,9,8,144,18.82,-16.944,-13.445,3.499,1092
0.2,FEW-LONG,1,10,8,144,18.82,-12.941,-14.439,-1.498,1092
0.2,FEW-LONG,1,11,8,144,18.82,-10.591,-12.24,-1.649,1092
0.2,FEW-LONG,1,12,8,144,18.82,-12.263,-10.298,1.965,1115
0.2,FEW-LONG,1,13,8,144,18.82,-13.955,-13.072,0.883,1100
0.2,FEW-LONG,1,14,8,144,18.82,-17.329,-9.126,8.203,1108
0.2,FEW-LONG,1,15,8,144,18.82,-16.248,-19.605,-3.357,1092
0.2,FEW-LONG,1,16,8,144,18.82,-10.569,-47.758,-37.19,1104
0.2,FEW-LONG,1,17,8,144,18.82,-17.627,-18.115,-0.488,1092
0.2,FEW-LONG,1,18,8,144,18.82,-17.295,-32.351,-15.056,1097
0.2,FEW-LONG,1,19,8,144,18.82,-8.97,-12.332,-3.362,1092
0.2,FEW-LONG,1,20,8,144,18.82,-8.493,-7.43,1.063,1100
0.2,FEW-LONG,1,21,8,144,18.82,-15.675,-39.007,-23.332,1092
0.2,FEW-LONG,1,22,8,144,18.82,-16.574,-17.718,-1.144,1092
0.2,FEW-LONG,1,23,8,144,18.82,-7.703,-10.571,-2.867,1094
0.2,FEW-LONG,1,24,8,144,18.82,-20.517,-48.871,-28.354,1097
0.2,FEW-LONG,1,25,8,144,18.82,-14.804,-10.598,4.206,1092
0.2,FEW-LONG,1,26,8,144,18.82,-18.721,-37.317,-18.596,1097
0.2,FEW-LONG,1,27,8,144,18.82,-13.235,-15.96,-2.725,1092
0.2,FEW-LONG,1,28,8,144,18.82,-12.035,-15.104,-3.069,1097
0.2,FEW-LONG,1,29,8,144,18.82,-11.047,-9.969,1.078,1109
0.2,FEW-LONG,3,0,8,144,18.82,-21.607,-20.453,1.154,1090
0.2,FEW-LONG,3,1,8,144,18.82,-16.274,-14.46,1.815,1086
0.2,FEW-LONG,3,2,8,144,18.82,-15.638,-18.288,-2.65,1087
0.2,FEW-LONG,3,3,8,144,18.82,-18.723,-7.524,11.2,1086
0.2,FEW-LONG,3,4,8,144,18.82,-16.537,-11.201,5.336,1091
0.2,FEW-LONG,3,5,8,144,18.82,-15.442,-10.019,5.423,1086
0.2,FEW-LONG,3,6,8,144,18.82,-16.573,-16.291,0.282,1094
0.2,FEW-LONG,3,7,8,144,18.82,-28.503,-27.727,0.777,1086
0.2,FEW-LONG,3,8,8,144,18.82,-15.508,-8.253,7.255,1086
0.2,FEW-LONG,3,9,8,144,18.82,-34.334,-17.651,16.683,1086
0.2,FEW-LONG,3,10,8,144,18.82,-14.858,-14.894,-0.036,1086
0.2,FEW-LONG,3,11,8,144,18.82,-13.339,-12.869,0.47,1086
0.2,FEW-LONG,3,12,8,144,18.82,-20.061,-13.656,6.404,1110
0.2,FEW-LONG,3,13,8,144,18.82,-12.597,-10.79,1.806,1094
0.2,FEW-LONG,3,14,8,144,18.82,-29.701,-16.515,13.186,1103
0.2,FEW-LONG,3,15,8,144,18.82,-14.07,-15.949,-1.879,1086
0.2,FEW-LONG,3,16,8,144,18.82,-13.218,-26.005,-12.787,1098
0.2,FEW-LONG,3,17,8,144,18.82,-36.257,-30.723,5.534,1086
0.2,FEW-LONG,3,18,8,144,18.82,-24.487,-33.73,-9.243,1091
0.2,FEW-LONG,3,19,8,144,18.82,-22.86,-23.071,-0.211,1086
0.2,FEW-LONG,3,20,8,144,18.82,-17.39,-16.357,1.033,1094
0.2,FEW-LONG,3,21,8,144,18.82,-21.586,-43.643,-22.057,1086
0.2,FEW-LONG,3,22,8,144,18.82,-19.855,-15.99,3.864,1086
0.2,FEW-LONG,3,23,8,144,18.82,-16.126,-12.55,3.576,1088
0.2,FEW-LONG,3,24,8,144,18.82,-34.759,-41.476,-6.717,1091
0.2,FEW-LONG,3,25,8,144,18.82,-29.052,-22.206,6.846,1086
0.2,FEW-LONG,3,26,8,144,18.82,-35.363,-62.366,-27.003,1091
0.2,FEW-LONG,3,27,8,144,18.82,-16.127,-16.744,-0.617,1086
0.2,FEW-LONG,3,28,8,144,18.82,-26.982,-17.232,9.75,1091
0.2,FEW-LONG,3,29,8,144,18.82,-18.256,-17.283,0.973,1104
