record,record_len,record_days,missing_frac,condition,horizon,seed,n_gaps_requested,n_gaps_placed,gap_len,actual_missing_pct,skill_honest,skill_naive,bias,n_test
HKZA,7166,49.8,0.05,MANY-SHORT,1,0,119,119,3,4.98,-15.024,-6.805,8.219,563
HKZA,7166,49.8,0.05,MANY-SHORT,1,1,119,119,3,4.98,-14.954,-7.296,7.657,571
HKZA,7166,49.8,0.05,MANY-SHORT,1,2,119,119,3,4.98,-24.659,-5.7,18.959,563
HKZA,7166,49.8,0.05,MANY-SHORT,1,3,119,119,3,4.98,-24.235,-7.268,16.968,546
HKZA,7166,49.8,0.05,MANY-SHORT,1,4,119,119,3,4.98,-21.185,-7.649,13.536,591
HKZA,7166,49.8,0.05,MANY-SHORT,1,5,119,119,3,4.98,-6.378,-7.147,-0.769,585
HKZA,7166,49.8,0.05,MANY-SHORT,1,6,119,119,3,4.98,-25.531,-6.041,19.491,562
HKZA,7166,49.8,0.05,MANY-SHORT,1,7,119,119,3,4.98,-19.362,-7.146,12.217,520
HKZA,7166,49.8,0.05,MANY-SHORT,1,8,119,119,3,4.98,-15.602,-6.872,8.73,623
HKZA,7166,49.8,0.05,MANY-SHORT,1,9,119,119,3,4.98,-34.084,-8.061,26.023,578
HKZA,7166,49.8,0.05,MANY-SHORT,1,10,119,119,3,4.98,-27.409,-7.903,19.506,600
HKZA,7166,49.8,0.05,MANY-SHORT,1,11,119,119,3,4.98,-26.953,-6.987,19.966,612
HKZA,7166,49.8,0.05,MANY-SHORT,1,12,119,119,3,4.98,-137.832,-7.93,129.901,567
HKZA,7166,49.8,0.05,MANY-SHORT,1,13,119,119,3,4.98,-154.594,-7.362,147.232,586
HKZA,7166,49.8,0.05,MANY-SHORT,1,14,119,119,3,4.98,-73.343,-5.086,68.257,570
HKZA,7166,49.8,0.05,MANY-SHORT,3,0,119,119,3,4.98,-19.366,-8.39,10.976,542
HKZA,7166,49.8,0.05,MANY-SHORT,3,1,119,119,3,4.98,-19.282,-8.995,10.287,547
HKZA,7166,49.8,0.05,MANY-SHORT,3,2,119,119,3,4.98,-15.53,-7.322,8.208,541
HKZA,7166,49.8,0.05,MANY-SHORT,3,3,119,119,3,4.98,-25.001,-7.892,17.11,524
HKZA,7166,49.8,0.05,MANY-SHORT,3,4,119,119,3,4.98,-23.432,-7.121,16.311,568
HKZA,7166,49.8,0.05,MANY-SHORT,3,5,119,119,3,4.98,-12.496,-10.489,2.008,566
HKZA,7166,49.8,0.05,MANY-SHORT,3,6,119,119,3,4.98,-25.223,-6.507,18.716,542
HKZA,7166,49.8,0.05,MANY-SHORT,3,7,119,119,3,4.98,-31.244,-8.507,22.737,498
HKZA,7166,49.8,0.05,MANY-SHORT,3,8,119,119,3,4.98,-14.795,-7.411,7.384,603
HKZA,7166,49.8,0.05,MANY-SHORT,3,9,119,119,3,4.98,-21.877,-8.226,13.65,555
HKZA,7166,49.8,0.05,MANY-SHORT,3,10,119,119,3,4.98,-58.213,-9.735,48.478,580
HKZA,7166,49.8,0.05,MANY-SHORT,3,11,119,119,3,4.98,-39.204,-9.071,30.133,590
HKZA,7166,49.8,0.05,MANY-SHORT,3,12,119,119,3,4.98,-77.618,-7.954,69.664,547
HKZA,7166,49.8,0.05,MANY-SHORT,3,13,119,119,3,4.98,-127.944,-9.034,118.91,565
HKZA,7166,49.8,0.05,MANY-SHORT,3,14,119,119,3,4.98,-44.475,-6.042,38.433,548
HKZA,7166,49.8,0.05,MEDIUM,1,0,19,19,18,4.77,-9.439,-6.754,2.685,1407
HKZA,7166,49.8,0.05,MEDIUM,1,1,19,19,18,4.77,-10.059,-7.451,2.609,1414
HKZA,7166,49.8,0.05,MEDIUM,1,2,19,19,18,4.77,-8.661,-6.763,1.898,1388
HKZA,7166,49.8,0.05,MEDIUM,1,3,19,19,18,4.77,-7.619,-6.943,0.676,1405
HKZA,7166,49.8,0.05,MEDIUM,1,4,19,19,18,4.77,-9.308,-7.007,2.301,1401
HKZA,7166,49.8,0.05,MEDIUM,1,5,19,19,18,4.77,-9.935,-8.114,1.821,1435
HKZA,7166,49.8,0.05,MEDIUM,1,6,19,19,18,4.77,-9.202,-7.504,1.698,1421
HKZA,7166,49.8,0.05,MEDIUM,1,7,19,19,18,4.77,-11.389,-7.565,3.824,1388
HKZA,7166,49.8,0.05,MEDIUM,1,8,19,19,18,4.77,-6.786,-6.388,0.398,1415
HKZA,7166,49.8,0.05,MEDIUM,1,9,19,19,18,4.77,-12.434,-8.441,3.993,1423
HKZA,7166,49.8,0.05,MEDIUM,1,10,19,19,18,4.77,-11.37,-7.346,4.025,1430
HKZA,7166,49.8,0.05,MEDIUM,1,11,19,19,18,4.77,-9.193,-7.124,2.07,1411
HKZA,7166,49.8,0.05,MEDIUM,1,12,19,19,18,4.77,-7.814,-6.981,0.833,1414
HKZA,7166,49.8,0.05,MEDIUM,1,13,19,19,18,4.77,-75.724,-8.149,67.574,1422
HKZA,7166,49.8,0.05,MEDIUM,1,14,19,19,18,4.77,-9.478,-7.78,1.698,1403
HKZA,7166,49.8,0.05,MEDIUM,3,0,19,19,18,4.77,-10.258,-8.298,1.96,1396
HKZA,7166,49.8,0.05,MEDIUM,3,1,19,19,18,4.77,-11.447,-8.237,3.21,1403
HKZA,7166,49.8,0.05,MEDIUM,3,2,19,19,18,4.77,-10.026,-9.478,0.548,1376
HKZA,7166,49.8,0.05,MEDIUM,3,3,19,19,18,4.77,-6.733,-9.545,-2.812,1394
HKZA,7166,49.8,0.05,MEDIUM,3,4,19,19,18,4.77,-12.145,-6.473,5.671,1390
HKZA,7166,49.8,0.05,MEDIUM,3,5,19,19,18,4.77,-8.585,-7.677,0.908,1425
HKZA,7166,49.8,0.05,MEDIUM,3,6,19,19,18,4.77,-9.787,-13.305,-3.519,1410
HKZA,7166,49.8,0.05,MEDIUM,3,7,19,19,18,4.77,-16.362,-5.767,10.594,1376
HKZA,7166,49.8,0.05,MEDIUM,3,8,19,19,18,4.77,-6.969,-7.407,-0.438,1404
HKZA,7166,49.8,0.05,MEDIUM,3,9,19,19,18,4.77,-9.872,-7.298,2.574,1413
HKZA,7166,49.8,0.05,MEDIUM,3,10,19,19,18,4.77,-12.844,-12.176,0.668,1420
HKZA,7166,49.8,0.05,MEDIUM,3,11,19,19,18,4.77,-11.461,-9.263,2.199,1401
HKZA,7166,49.8,0.05,MEDIUM,3,12,19,19,18,4.77,-9.444,-8.469,0.976,1404
HKZA,7166,49.8,0.05,MEDIUM,3,13,19,19,18,4.77,-50.659,-8.069,42.589,1413
HKZA,7166,49.8,0.05,MEDIUM,3,14,19,19,18,4.77,-9.952,-7.351,2.601,1392
HKZA,7166,49.8,0.05,FEW-LONG,1,0,2,2,144,4.02,-8.285,-7.024,1.262,1661
HKZA,7166,49.8,0.05,FEW-LONG,1,1,2,2,144,4.02,-6.748,-10.231,-3.483,1661
HKZA,7166,49.8,0.05,FEW-LONG,1,2,2,2,144,4.02,-8.868,-7.354,1.514,1661
HKZA,7166,49.8,0.05,FEW-LONG,1,3,2,2,144,4.02,-8.169,-8.677,-0.508,1661
HKZA,7166,49.8,0.05,FEW-LONG,1,4,2,2,144,4.02,-9.283,-9.839,-0.556,1661
HKZA,7166,49.8,0.05,FEW-LONG,1,5,2,2,144,4.02,-9.54,-9.917,-0.376,1661
HKZA,7166,49.8,0.05,FEW-LONG,1,6,2,2,144,4.02,-7.287,-8.24,-0.953,1661
HKZA,7166,49.8,0.05,FEW-LONG,1,7,2,2,144,4.02,-8.397,-7.999,0.398,1661
HKZA,7166,49.8,0.05,FEW-LONG,1,8,2,2,144,4.02,-7.343,-7.391,-0.048,1661
HKZA,7166,49.8,0.05,FEW-LONG,1,9,2,2,144,4.02,-8.019,-9.919,-1.9,1661
HKZA,7166,49.8,0.05,FEW-LONG,1,10,2,2,144,4.02,-12.694,-7.375,5.319,1661
HKZA,7166,49.8,0.05,FEW-LONG,1,11,2,2,144,4.02,-8.821,-6.752,2.07,1661
HKZA,7166,49.8,0.05,FEW-LONG,1,12,2,2,144,4.02,-7.875,-11.96,-4.085,1661
HKZA,7166,49.8,0.05,FEW-LONG,1,13,2,2,144,4.02,-11.003,-7.68,3.323,1661
HKZA,7166,49.8,0.05,FEW-LONG,1,14,2,2,144,4.02,-9.662,-7.85,1.812,1661
HKZA,7166,49.8,0.05,FEW-LONG,3,0,2,2,144,4.02,-10.673,-9.452,1.221,1658
HKZA,7166,49.8,0.05,FEW-LONG,3,1,2,2,144,4.02,-8.392,-13.761,-5.369,1658
HKZA,7166,49.8,0.05,FEW-LONG,3,2,2,2,144,4.02,-10.051,-8.626,1.424,1658
HKZA,7166,49.8,0.05,FEW-LONG,3,3,2,2,144,4.02,-8.66,-8.806,-0.146,1658
HKZA,7166,49.8,0.05,FEW-LONG,3,4,2,2,144,4.02,-8.675,-10.411,-1.736,1658
HKZA,7166,49.8,0.05,FEW-LONG,3,5,2,2,144,4.02,-10.888,-10.897,-0.009,1658
HKZA,7166,49.8,0.05,FEW-LONG,3,6,2,2,144,4.02,-8.727,-8.985,-0.258,1658
HKZA,7166,49.8,0.05,FEW-LONG,3,7,2,2,144,4.02,-8.699,-8.222,0.477,1658
HKZA,7166,49.8,0.05,FEW-LONG,3,8,2,2,144,4.02,-8.65,-8.85,-0.2,1658
HKZA,7166,49.8,0.05,FEW-LONG,3,9,2,2,144,4.02,-9.119,-6.228,2.891,1658
HKZA,7166,49.8,0.05,FEW-LONG,3,10,2,2,144,4.02,-13.602,-8.495,5.107,1658
HKZA,7166,49.8,0.05,FEW-LONG,3,11,2,2,144,4.02,-9.276,-8.328,0.948,1658
HKZA,7166,49.8,0.05,FEW-LONG,3,12,2,2,144,4.02,-8.183,-10.519,-2.336,1658
HKZA,7166,49.8,0.05,FEW-LONG,3,13,2,2,144,4.02,-13.393,-8.698,4.696,1658
HKZA,7166,49.8,0.05,FEW-LONG,3,14,2,2,144,4.02,-8.858,-7.38,1.478,1658
HKZA,7166,49.8,0.1,MANY-SHORT,1,0,238,238,3,9.96,-52.079,-7.051,45.029,164
HKZA,7166,49.8,0.1,MANY-SHORT,1,1,238,238,3,9.96,-44.789,-8.397,36.392,224
HKZA,7166,49.8,0.1,MANY-SHORT,1,2,238,238,3,9.96,-44.149,-6.441,37.708,239
HKZA,7166,49.8,0.1,MANY-SHORT,1,3,238,238,3,9.96,-105.907,-8.073,97.834,197
HKZA,7166,49.8,0.1,MANY-SHORT,1,4,238,238,3,9.96,-60.421,-9.408,51.012,186
HKZA,7166,49.8,0.1,MANY-SHORT,1,6,238,238,3,9.96,-56.981,-6.71,50.271,208
HKZA,7166,49.8,0.1,MANY-SHORT,1,7,238,238,3,9.96,-27.214,-6.863,20.351,185
HKZA,7166,49.8,0.1,MANY-SHORT,1,8,238,238,3,9.96,-59.709,-6.073,53.637,235
HKZA,7166,49.8,0.1,MANY-SHORT,1,9,238,238,3,9.96,-57.271,-8.684,48.587,207
HKZA,7166,49.8,0.1,MANY-SHORT,1,10,238,238,3,9.96,-107.801,-6.841,100.96,220
HKZA,7166,49.8,0.1,MANY-SHORT,1,11,238,238,3,9.96,-37.343,-7.467,29.876,226
HKZA,7166,49.8,0.1,MANY-SHORT,1,12,238,238,3,9.96,-104.616,-8.193,96.423,192
HKZA,7166,49.8,0.1,MANY-SHORT,1,13,238,238,3,9.96,-58.42,-7.726,50.694,197
HKZA,7166,49.8,0.1,MANY-SHORT,1,14,238,238,3,9.96,-71.032,-7.306,63.726,175
HKZA,7166,49.8,0.1,MANY-SHORT,3,0,238,238,3,9.96,-17.623,-12.12,5.503,151
HKZA,7166,49.8,0.1,MANY-SHORT,3,1,238,238,3,9.96,-26.465,-12.82,13.646,210
HKZA,7166,49.8,0.1,MANY-SHORT,3,2,238,238,3,9.96,-42.481,-9.013,33.467,224
HKZA,7166,49.8,0.1,MANY-SHORT,3,3,238,238,3,9.96,-58.278,-8.601,49.677,184
HKZA,7166,49.8,0.1,MANY-SHORT,3,4,238,238,3,9.96,-30.563,-10.823,19.74,174
HKZA,7166,49.8,0.1,MANY-SHORT,3,6,238,238,3,9.96,-19.517,-5.219,14.298,195
HKZA,7166,49.8,0.1,MANY-SHORT,3,7,238,238,3,9.96,-23.499,-8.637,14.862,174
HKZA,7166,49.8,0.1,MANY-SHORT,3,8,238,238,3,9.96,-28.849,-9.406,19.444,221
HKZA,7166,49.8,0.1,MANY-SHORT,3,9,238,238,3,9.96,-24.142,-9.051,15.091,196
HKZA,7166,49.8,0.1,MANY-SHORT,3,10,238,238,3,9.96,-42.226,-11.255,30.971,208
HKZA,7166,49.8,0.1,MANY-SHORT,3,11,238,238,3,9.96,-21.602,-9.84,11.762,212
HKZA,7166,49.8,0.1,MANY-SHORT,3,12,238,238,3,9.96,-27.17,-10.317,16.853,177
HKZA,7166,49.8,0.1,MANY-SHORT,3,13,238,238,3,9.96,-56.846,-8.112,48.734,185
HKZA,7166,49.8,0.1,MANY-SHORT,3,14,238,238,3,9.96,-60.368,-7.174,53.194,161
HKZA,7166,49.8,0.1,MEDIUM,1,0,39,39,18,9.8,-14.284,-8.087,6.197,1126
HKZA,7166,49.8,0.1,MEDIUM,1,1,39,39,18,9.8,-9.957,-7.282,2.675,1101
HKZA,7166,49.8,0.1,MEDIUM,1,2,39,39,18,9.8,-11.223,-7.713,3.511,1042
HKZA,7166,49.8,0.1,MEDIUM,1,3,39,39,18,9.8,-9.641,-9.047,0.593,1067
HKZA,7166,49.8,0.1,MEDIUM,1,4,39,39,18,9.8,-8.464,-8.764,-0.3,1081
HKZA,7166,49.8,0.1,MEDIUM,1,5,39,39,18,9.8,-8.853,-6.677,2.176,1128
HKZA,7166,49.8,0.1,MEDIUM,1,6,39,39,18,9.8,-13.242,-9.84,3.402,1118
HKZA,7166,49.8,0.1,MEDIUM,1,7,39,39,18,9.8,-8.625,-9.947,-1.322,1115
HKZA,7166,49.8,0.1,MEDIUM,1,8,39,39,18,9.8,-9.307,-7.177,2.13,1110
HKZA,7166,49.8,0.1,MEDIUM,1,9,39,39,18,9.8,-28.202,-9.987,18.214,1122
HKZA,7166,49.8,0.1,MEDIUM,1,10,39,39,18,9.8,-50.815,-9.978,40.837,1161
HKZA,7166,49.8,0.1,MEDIUM,1,11,39,39,18,9.8,-15.136,-8.651,6.485,1066
HKZA,7166,49.8,0.1,MEDIUM,1,12,39,39,18,9.8,-15.047,-7.634,7.412,1063
HKZA,7166,49.8,0.1,MEDIUM,1,13,39,39,18,9.8,-31.756,-8.639,23.117,1091
HKZA,7166,49.8,0.1,MEDIUM,1,14,39,39,18,9.8,-12.59,-6.444,6.146,1093
HKZA,7166,49.8,0.1,MEDIUM,3,0,39,39,18,9.8,-12.98,-10.692,2.288,1112
HKZA,7166,49.8,0.1,MEDIUM,3,1,39,39,18,9.8,-11.088,-7.035,4.054,1087
HKZA,7166,49.8,0.1,MEDIUM,3,2,39,39,18,9.8,-13.989,-9.029,4.961,1025
HKZA,7166,49.8,0.1,MEDIUM,3,3,39,39,18,9.8,-9.128,-8.211,0.917,1049
HKZA,7166,49.8,0.1,MEDIUM,3,4,39,39,18,9.8,-12.572,-10.855,1.717,1064
HKZA,7166,49.8,0.1,MEDIUM,3,5,39,39,18,9.8,-8.264,-8.079,0.185,1113
HKZA,7166,49.8,0.1,MEDIUM,3,6,39,39,18,9.8,-16.74,-10.122,6.618,1103
HKZA,7166,49.8,0.1,MEDIUM,3,7,39,39,18,9.8,-10.66,-8.427,2.233,1100
HKZA,7166,49.8,0.1,MEDIUM,3,8,39,39,18,9.8,-10.169,-8.429,1.739,1095
HKZA,7166,49.8,0.1,MEDIUM,3,9,39,39,18,9.8,-32.187,-9.218,22.969,1107
HKZA,7166,49.8,0.1,MEDIUM,3,10,39,39,18,9.8,-39.942,-13.624,26.318,1148
HKZA,7166,49.8,0.1,MEDIUM,3,11,39,39,18,9.8,-6.568,-10.508,-3.94,1048
HKZA,7166,49.8,0.1,MEDIUM,3,12,39,39,18,9.8,-15.162,-11.601,3.561,1046
HKZA,7166,49.8,0.1,MEDIUM,3,13,39,39,18,9.8,-21.642,-9.295,12.347,1075
HKZA,7166,49.8,0.1,MEDIUM,3,14,39,39,18,9.8,-13.003,-8.1,4.904,1078
HKZA,7166,49.8,0.1,FEW-LONG,1,0,4,4,144,8.04,-6.258,-7.567,-1.309,1559
HKZA,7166,49.8,0.1,FEW-LONG,1,1,4,4,144,8.04,-7.212,-11.151,-3.939,1559
HKZA,7166,49.8,0.1,FEW-LONG,1,2,4,4,144,8.04,-6.407,-7.696,-1.289,1559
HKZA,7166,49.8,0.1,FEW-LONG,1,3,4,4,144,8.04,-6.968,-8.076,-1.107,1559
HKZA,7166,49.8,0.1,FEW-LONG,1,4,4,4,144,8.04,-11.658,-6.806,4.852,1559
HKZA,7166,49.8,0.1,FEW-LONG,1,5,4,4,144,8.04,-8.357,-9.355,-0.998,1559
HKZA,7166,49.8,0.1,FEW-LONG,1,6,4,4,144,8.04,-7.195,-7.29,-0.095,1559
HKZA,7166,49.8,0.1,FEW-LONG,1,7,4,4,144,8.04,-10.169,-10.107,0.062,1559
HKZA,7166,49.8,0.1,FEW-LONG,1,8,4,4,144,8.04,-8.03,-7.532,0.498,1559
HKZA,7166,49.8,0.1,FEW-LONG,1,9,4,4,144,8.04,-8.775,-10.086,-1.311,1559
HKZA,7166,49.8,0.1,FEW-LONG,1,10,4,4,144,8.04,-7.688,-7.101,0.587,1559
HKZA,7166,49.8,0.1,FEW-LONG,1,11,4,4,144,8.04,-8.327,-8.956,-0.629,1559
HKZA,7166,49.8,0.1,FEW-LONG,1,12,4,4,144,8.04,-8.794,-9.525,-0.731,1566
HKZA,7166,49.8,0.1,FEW-LONG,1,13,4,4,144,8.04,-35.102,-11.158,23.945,1559
HKZA,7166,49.8,0.1,FEW-LONG,1,14,4,4,144,8.04,-7.21,-6.804,0.407,1559
HKZA,7166,49.8,0.1,FEW-LONG,3,0,4,4,144,8.04,-8.363,-9.177,-0.814,1554
HKZA,7166,49.8,0.1,FEW-LONG,3,1,4,4,144,8.04,-10.316,-12.757,-2.441,1554
HKZA,7166,49.8,0.1,FEW-LONG,3,2,4,4,144,8.04,-7.678,-7.096,0.582,1554
HKZA,7166,49.8,0.1,FEW-LONG,3,3,4,4,144,8.04,-10.364,-7.446,2.918,1554
HKZA,7166,49.8,0.1,FEW-LONG,3,4,4,4,144,8.04,-8.221,-4.13,4.091,1554
HKZA,7166,49.8,0.1,FEW-LONG,3,5,4,4,144,8.04,-10.117,-10.631,-0.514,1554
HKZA,7166,49.8,0.1,FEW-LONG,3,6,4,4,144,8.04,-7.505,-7.293,0.212,1554
HKZA,7166,49.8,0.1,FEW-LONG,3,7,4,4,144,8.04,-10.755,-10.231,0.525,1554
HKZA,7166,49.8,0.1,FEW-LONG,3,8,4,4,144,8.04,-8.495,-7.528,0.967,1554
HKZA,7166,49.8,0.1,FEW-LONG,3,9,4,4,144,8.04,-8.943,-4.56,4.383,1554
HKZA,7166,49.8,0.1,FEW-LONG,3,10,4,4,144,8.04,-5.461,-4.24,1.221,1554
HKZA,7166,49.8,0.1,FEW-LONG,3,11,4,4,144,8.04,-7.717,-9.271,-1.554,1554
HKZA,7166,49.8,0.1,FEW-LONG,3,12,4,4,144,8.04,-5.583,-7.342,-1.759,1562
HKZA,7166,49.8,0.1,FEW-LONG,3,13,4,4,144,8.04,-22.421,-9.541,12.88,1554
HKZA,7166,49.8,0.1,FEW-LONG,3,14,4,4,144,8.04,-9.825,-8.128,1.697,1554
HKZA,7166,49.8,0.2,MEDIUM,1,0,79,79,18,19.84,-20.494,-8.357,12.136,589
HKZA,7166,49.8,0.2,MEDIUM,1,1,79,79,18,19.84,-26.244,-10.032,16.211,594
HKZA,7166,49.8,0.2,MEDIUM,1,2,79,79,18,19.84,-31.984,-5.883,26.101,567
HKZA,7166,49.8,0.2,MEDIUM,1,3,79,79,18,19.84,-18.588,-15.349,3.24,612
HKZA,7166,49.8,0.2,MEDIUM,1,4,79,79,18,19.84,-29.688,-9.514,20.174,544
HKZA,7166,49.8,0.2,MEDIUM,1,5,79,79,18,19.84,-10.034,-8.728,1.307,632
HKZA,7166,49.8,0.2,MEDIUM,1,6,79,79,18,19.84,-20.811,-11.517,9.293,622
HKZA,7166,49.8,0.2,MEDIUM,1,7,79,79,18,19.84,-11.213,-8.838,2.376,606
HKZA,7166,49.8,0.2,MEDIUM,1,8,79,79,18,19.84,-17.971,-7.95,10.021,622
HKZA,7166,49.8,0.2,MEDIUM,1,9,79,79,18,19.84,-101.722,-8.855,92.866,638
HKZA,7166,49.8,0.2,MEDIUM,1,10,79,79,18,19.84,-14.508,-9.273,5.235,627
HKZA,7166,49.8,0.2,MEDIUM,1,11,79,79,18,19.84,-24.369,-9.293,15.076,576
HKZA,7166,49.8,0.2,MEDIUM,1,12,79,79,18,19.84,-55.487,-9.115,46.372,570
HKZA,7166,49.8,0.2,MEDIUM,1,13,79,79,18,19.84,-87.543,-14.669,72.874,586
HKZA,7166,49.8,0.2,MEDIUM,1,14,79,79,18,19.84,-36.684,-7.186,29.499,620
HKZA,7166,49.8,0.2,MEDIUM,3,0,79,79,18,19.84,-27.31,-10.621,16.689,570
HKZA,7166,49.8,0.2,MEDIUM,3,1,79,79,18,19.84,-25.272,-9.464,15.809,575
HKZA,7166,49.8,0.2,MEDIUM,3,2,79,79,18,19.84,-19.479,-6.503,12.977,549
HKZA,7166,49.8,0.2,MEDIUM,3,3,79,79,18,19.84,-23.274,-18.852,4.422,593
HKZA,7166,49.8,0.2,MEDIUM,3,4,79,79,18,19.84,-23.364,-12.634,10.73,523
HKZA,7166,49.8,0.2,MEDIUM,3,5,79,79,18,19.84,-12.596,-10.179,2.417,614
HKZA,7166,49.8,0.2,MEDIUM,3,6,79,79,18,19.84,-21.739,-15.769,5.969,604
HKZA,7166,49.8,0.2,MEDIUM,3,7,79,79,18,19.84,-15.901,-12.967,2.934,588
HKZA,7166,49.8,0.2,MEDIUM,3,8,79,79,18,19.84,-15.849,-9.59,6.259,605
HKZA,7166,49.8,0.2,MEDIUM,3,9,79,79,18,19.84,-101.506,-9.292,92.214,619
HKZA,7166,49.8,0.2,MEDIUM,3,10,79,79,18,19.84,-25.288,-15.985,9.303,609
HKZA,7166,49.8,0.2,MEDIUM,3,11,79,79,18,19.84,-34.682,-12.151,22.531,555
HKZA,7166,49.8,0.2,MEDIUM,3,12,79,79,18,19.84,-19.228,-11.27,7.958,553
HKZA,7166,49.8,0.2,MEDIUM,3,13,79,79,18,19.84,-59.645,-10.054,49.591,565
HKZA,7166,49.8,0.2,MEDIUM,3,14,79,79,18,19.84,-30.173,-7.388,22.784,604
HKZA,7166,49.8,0.2,FEW-LONG,1,0,9,9,144,18.09,-9.058,-7.93,1.128,1313
HKZA,7166,49.8,0.2,FEW-LONG,1,1,9,9,144,18.09,-10.279,-10.869,-0.591,1302
HKZA,7166,49.8,0.2,FEW-LONG,1,2,9,9,144,18.09,-11.263,-9.022,2.242,1315
HKZA,7166,49.8,0.2,FEW-LONG,1,3,9,9,144,18.09,-8.243,-8.924,-0.68,1302
HKZA,7166,49.8,0.2,FEW-LONG,1,4,9,9,144,18.09,-9.502,-7.55,1.952,1302
HKZA,7166,49.8,0.2,FEW-LONG,1,5,9,9,144,18.09,-10.781,-12.217,-1.436,1302
HKZA,7166,49.8,0.2,FEW-LONG,1,6,9,9,144,18.09,-7.985,-6.362,1.622,1321
HKZA,7166,49.8,0.2,FEW-LONG,1,7,9,9,144,18.09,-35.39,-12.502,22.888,1302
HKZA,7166,49.8,0.2,FEW-LONG,1,8,9,9,144,18.09,-11.031,-8.707,2.324,1302
HKZA,7166,49.8,0.2,FEW-LONG,1,9,9,9,144,18.09,-12.853,-10.6,2.253,1312
HKZA,7166,49.8,0.2,FEW-LONG,1,10,9,9,144,18.09,-11.214,-9.236,1.977,1302
HKZA,7166,49.8,0.2,FEW-LONG,1,11,9,9,144,18.09,-13.161,-10.601,2.56,1302
HKZA,7166,49.8,0.2,FEW-LONG,1,12,9,9,144,18.09,-10.327,-10.865,-0.539,1310
HKZA,7166,49.8,0.2,FEW-LONG,1,13,9,9,144,18.09,-92.72,-32.819,59.901,1302
HKZA,7166,49.8,0.2,FEW-LONG,1,14,9,9,144,18.09,-9.278,-17.769,-8.491,1319
HKZA,7166,49.8,0.2,FEW-LONG,3,0,9,9,144,18.09,-9.862,-8.277,1.585,1307
HKZA,7166,49.8,0.2,FEW-LONG,3,1,9,9,144,18.09,-11.43,-16.71,-5.28,1295
HKZA,7166,49.8,0.2,FEW-LONG,3,2,9,9,144,18.09,-15.794,-12.654,3.14,1308
HKZA,7166,49.8,0.2,FEW-LONG,3,3,9,9,144,18.09,-7.832,-13.312,-5.479,1295
HKZA,7166,49.8,0.2,FEW-LONG,3,4,9,9,144,18.09,-6.321,-7.928,-1.607,1295
HKZA,7166,49.8,0.2,FEW-LONG,3,5,9,9,144,18.09,-13.766,-12.494,1.272,1295
HKZA,7166,49.8,0.2,FEW-LONG,3,6,9,9,144,18.09,-9.537,-7.065,2.472,1315
HKZA,7166,49.8,0.2,FEW-LONG,3,7,9,9,144,18.09,-21.887,-10.614,11.272,1295
HKZA,7166,49.8,0.2,FEW-LONG,3,8,9,9,144,18.09,-6.727,-9.545,-2.818,1295
HKZA,7166,49.8,0.2,FEW-LONG,3,9,9,9,144,18.09,-8.821,-8.983,-0.161,1306
HKZA,7166,49.8,0.2,FEW-LONG,3,10,9,9,144,18.09,-9.168,-15.105,-5.937,1295
HKZA,7166,49.8,0.2,FEW-LONG,3,11,9,9,144,18.09,-14.717,-12.335,2.383,1295
HKZA,7166,49.8,0.2,FEW-LONG,3,12,9,9,144,18.09,-11.359,-16.146,-4.787,1304
HKZA,7166,49.8,0.2,FEW-LONG,3,13,9,9,144,18.09,-56.222,-22.763,33.46,1296
HKZA,7166,49.8,0.2,FEW-LONG,3,14,9,9,144,18.09,-10.855,-18.897,-8.043,1313
HKWB,4459,31.0,0.05,MANY-SHORT,1,0,74,74,3,4.98,-6.94,-10.338,-3.397,357
HKWB,4459,31.0,0.05,MANY-SHORT,1,1,74,74,3,4.98,-175.625,-4.745,170.88,388
HKWB,4459,31.0,0.05,MANY-SHORT,1,2,74,74,3,4.98,-302.002,-7.161,294.841,318
HKWB,4459,31.0,0.05,MANY-SHORT,1,3,74,74,3,4.98,-222.514,-12.89,209.624,338
HKWB,4459,31.0,0.05,MANY-SHORT,1,4,74,74,3,4.98,-8.277,-9.68,-1.403,351
HKWB,4459,31.0,0.05,MANY-SHORT,1,5,74,74,3,4.98,-116.98,-11.899,105.08,330
HKWB,4459,31.0,0.05,MANY-SHORT,1,6,74,74,3,4.98,-519.491,-7.412,512.079,383
HKWB,4459,31.0,0.05,MANY-SHORT,1,7,74,74,3,4.98,-44.356,-11.73,32.626,370
HKWB,4459,31.0,0.05,MANY-SHORT,1,8,74,74,3,4.98,-144.886,-4.303,140.583,393
HKWB,4459,31.0,0.05,MANY-SHORT,1,9,74,74,3,4.98,-58.93,-12.814,46.116,405
HKWB,4459,31.0,0.05,MANY-SHORT,1,10,74,74,3,4.98,-301.654,-19.072,282.582,431
HKWB,4459,31.0,0.05,MANY-SHORT,1,11,74,74,3,4.98,-25.366,-15.496,9.87,376
HKWB,4459,31.0,0.05,MANY-SHORT,1,12,74,74,3,4.98,-69.386,-10.303,59.083,333
HKWB,4459,31.0,0.05,MANY-SHORT,1,13,74,74,3,4.98,-148.261,-8.2,140.061,340
HKWB,4459,31.0,0.05,MANY-SHORT,1,14,74,74,3,4.98,-116.793,-11.407,105.387,358
HKWB,4459,31.0,0.05,MANY-SHORT,3,0,74,74,3,4.98,-12.805,-9.851,2.954,343
HKWB,4459,31.0,0.05,MANY-SHORT,3,1,74,74,3,4.98,-108.303,-20.951,87.353,375
HKWB,4459,31.0,0.05,MANY-SHORT,3,2,74,74,3,4.98,-192.436,-22.001,170.436,306
HKWB,4459,31.0,0.05,MANY-SHORT,3,3,74,74,3,4.98,-254.081,-21.141,232.94,324
HKWB,4459,31.0,0.05,MANY-SHORT,3,4,74,74,3,4.98,-10.299,-14.664,-4.365,337
HKWB,4459,31.0,0.05,MANY-SHORT,3,5,74,74,3,4.98,-79.631,-17.544,62.087,315
HKWB,4459,31.0,0.05,MANY-SHORT,3,6,74,74,3,4.98,-490.766,-13.281,477.485,369
HKWB,4459,31.0,0.05,MANY-SHORT,3,7,74,74,3,4.98,-58.563,-12.437,46.126,357
HKWB,4459,31.0,0.05,MANY-SHORT,3,8,74,74,3,4.98,-132.389,-9.906,122.482,379
HKWB,4459,31.0,0.05,MANY-SHORT,3,9,74,74,3,4.98,-70.715,-12.475,58.239,391
HKWB,4459,31.0,0.05,MANY-SHORT,3,10,74,74,3,4.98,-228.328,-12.644,215.684,418
HKWB,4459,31.0,0.05,MANY-SHORT,3,11,74,74,3,4.98,-45.38,-11.346,34.034,363
HKWB,4459,31.0,0.05,MANY-SHORT,3,12,74,74,3,4.98,-85.402,-16.212,69.19,318
HKWB,4459,31.0,0.05,MANY-SHORT,3,13,74,74,3,4.98,-126.53,-17.323,109.206,326
HKWB,4459,31.0,0.05,MANY-SHORT,3,14,74,74,3,4.98,-89.977,-11.864,78.113,344
HKWB,4459,31.0,0.05,MEDIUM,1,0,12,12,18,4.84,-10.027,-8.234,1.793,857
HKWB,4459,31.0,0.05,MEDIUM,1,1,12,12,18,4.84,-12.056,-7.138,4.918,850
HKWB,4459,31.0,0.05,MEDIUM,1,2,12,12,18,4.84,-6.129,-7.727,-1.598,852
HKWB,4459,31.0,0.05,MEDIUM,1,3,12,12,18,4.84,-26.853,-17.441,9.412,870
HKWB,4459,31.0,0.05,MEDIUM,1,4,12,12,18,4.84,-8.894,-8.029,0.866,863
HKWB,4459,31.0,0.05,MEDIUM,1,5,12,12,18,4.84,-9.372,-10.599,-1.227,862
HKWB,4459,31.0,0.05,MEDIUM,1,6,12,12,18,4.84,-8.846,-7.179,1.667,879
HKWB,4459,31.0,0.05,MEDIUM,1,7,12,12,18,4.84,-21.343,-9.287,12.055,854
HKWB,4459,31.0,0.05,MEDIUM,1,8,12,12,18,4.84,-61.828,-10.274,51.554,861
HKWB,4459,31.0,0.05,MEDIUM,1,9,12,12,18,4.84,-11.931,-10.667,1.264,858
HKWB,4459,31.0,0.05,MEDIUM,1,10,12,12,18,4.84,-18.993,-7.349,11.644,872
HKWB,4459,31.0,0.05,MEDIUM,1,11,12,12,18,4.84,-11.509,-8.065,3.444,884
HKWB,4459,31.0,0.05,MEDIUM,1,12,12,12,18,4.84,-8.38,-111.758,-103.378,869
HKWB,4459,31.0,0.05,MEDIUM,1,13,12,12,18,4.84,-11.365,-9.265,2.099,891
HKWB,4459,31.0,0.05,MEDIUM,1,14,12,12,18,4.84,-24.935,-12.723,12.212,874
HKWB,4459,31.0,0.05,MEDIUM,3,0,12,12,18,4.84,-17.722,-14.852,2.871,849
HKWB,4459,31.0,0.05,MEDIUM,3,1,12,12,18,4.84,-22.212,-11.084,11.128,841
HKWB,4459,31.0,0.05,MEDIUM,3,2,12,12,18,4.84,-11.228,-9.73,1.498,844
HKWB,4459,31.0,0.05,MEDIUM,3,3,12,12,18,4.84,-27.618,-38.505,-10.886,863
HKWB,4459,31.0,0.05,MEDIUM,3,4,12,12,18,4.84,-15.608,-14.785,0.823,856
HKWB,4459,31.0,0.05,MEDIUM,3,5,12,12,18,4.84,-12.332,-19.454,-7.122,854
HKWB,4459,31.0,0.05,MEDIUM,3,6,12,12,18,4.84,-11.41,-12.783,-1.373,871
HKWB,4459,31.0,0.05,MEDIUM,3,7,12,12,18,4.84,-28.283,-19.05,9.233,846
HKWB,4459,31.0,0.05,MEDIUM,3,8,12,12,18,4.84,-44.589,-18.087,26.502,853
HKWB,4459,31.0,0.05,MEDIUM,3,9,12,12,18,4.84,-17.531,-16.841,0.69,850
HKWB,4459,31.0,0.05,MEDIUM,3,10,12,12,18,4.84,-37.64,-10.571,27.069,865
HKWB,4459,31.0,0.05,MEDIUM,3,11,12,12,18,4.84,-14.835,-13.032,1.803,877
HKWB,4459,31.0,0.05,MEDIUM,3,12,12,12,18,4.84,-13.842,-65.566,-51.724,861
HKWB,4459,31.0,0.05,MEDIUM,3,13,12,12,18,4.84,-23.217,-20.628,2.589,884
HKWB,4459,31.0,0.05,MEDIUM,3,14,12,12,18,4.84,-37.692,-14.509,23.183,867
HKWB,4459,31.0,0.05,FEW-LONG,1,0,1,1,144,3.23,-15.163,-18.569,-3.406,1036
HKWB,4459,31.0,0.05,FEW-LONG,1,1,1,1,144,3.23,-7.22,-8.443,-1.223,1036
HKWB,4459,31.0,0.05,FEW-LONG,1,2,1,1,144,3.23,-16.406,-17.754,-1.348,1036
HKWB,4459,31.0,0.05,FEW-LONG,1,3,1,1,144,3.23,-11.221,-13.889,-2.668,1036
HKWB,4459,31.0,0.05,FEW-LONG,1,4,1,1,144,3.23,-10.58,-10.657,-0.077,1036
HKWB,4459,31.0,0.05,FEW-LONG,1,5,1,1,144,3.23,-7.73,-8.514,-0.784,1036
HKWB,4459,31.0,0.05,FEW-LONG,1,6,1,1,144,3.23,-9.163,-9.336,-0.172,1036
HKWB,4459,31.0,0.05,FEW-LONG,1,7,1,1,144,3.23,-10.039,-13.419,-3.38,1036
HKWB,4459,31.0,0.05,FEW-LONG,1,8,1,1,144,3.23,-8.464,-11.734,-3.27,1036
HKWB,4459,31.0,0.05,FEW-LONG,1,9,1,1,144,3.23,-9.387,-10.777,-1.39,1036
HKWB,4459,31.0,0.05,FEW-LONG,1,10,1,1,144,3.23,-8.225,-9.359,-1.134,1036
HKWB,4459,31.0,0.05,FEW-LONG,1,11,1,1,144,3.23,-10.076,-10.337,-0.261,1036
HKWB,4459,31.0,0.05,FEW-LONG,1,12,1,1,144,3.23,-10.663,-7.315,3.348,1036
HKWB,4459,31.0,0.05,FEW-LONG,1,13,1,1,144,3.23,-10.019,-12.949,-2.93,1036
HKWB,4459,31.0,0.05,FEW-LONG,1,14,1,1,144,3.23,-12.781,-11.653,1.128,1036
HKWB,4459,31.0,0.05,FEW-LONG,3,0,1,1,144,3.23,-31.687,-36.783,-5.096,1033
HKWB,4459,31.0,0.05,FEW-LONG,3,1,1,1,144,3.23,-13.742,-11.762,1.981,1033
HKWB,4459,31.0,0.05,FEW-LONG,3,2,1,1,144,3.23,-34.716,-33.28,1.435,1033
HKWB,4459,31.0,0.05,FEW-LONG,3,3,1,1,144,3.23,-20.463,-21.084,-0.621,1033
HKWB,4459,31.0,0.05,FEW-LONG,3,4,1,1,144,3.23,-14.489,-15.919,-1.43,1033
HKWB,4459,31.0,0.05,FEW-LONG,3,5,1,1,144,3.23,-13.842,-15.217,-1.376,1033
HKWB,4459,31.0,0.05,FEW-LONG,3,6,1,1,144,3.23,-12.753,-12.066,0.687,1033
HKWB,4459,31.0,0.05,FEW-LONG,3,7,1,1,144,3.23,-16.795,-18.778,-1.983,1033
HKWB,4459,31.0,0.05,FEW-LONG,3,8,1,1,144,3.23,-14.152,-16.558,-2.406,1033
HKWB,4459,31.0,0.05,FEW-LONG,3,9,1,1,144,3.23,-15.193,-16.014,-0.822,1033
HKWB,4459,31.0,0.05,FEW-LONG,3,10,1,1,144,3.23,-14.016,-15.763,-1.747,1033
HKWB,4459,31.0,0.05,FEW-LONG,3,11,1,1,144,3.23,-13.505,-12.367,1.138,1033
HKWB,4459,31.0,0.05,FEW-LONG,3,12,1,1,144,3.23,-11.59,-13.116,-1.526,1033
HKWB,4459,31.0,0.05,FEW-LONG,3,13,1,1,144,3.23,-16.606,-19.27,-2.664,1033
HKWB,4459,31.0,0.05,FEW-LONG,3,14,1,1,144,3.23,-14.518,-16.172,-1.653,1033
HKWB,4459,31.0,0.1,MANY-SHORT,1,1,148,148,3,9.96,-1138.515,-17.422,1121.093,150
HKWB,4459,31.0,0.1,MANY-SHORT,1,4,148,148,3,9.96,-257.012,-6.389,250.623,152
HKWB,4459,31.0,0.1,MANY-SHORT,1,8,148,148,3,9.96,-927.874,-13.343,914.531,155
HKWB,4459,31.0,0.1,MANY-SHORT,1,14,148,148,3,9.96,-443.197,-15.53,427.667,162
HKWB,4459,31.0,0.1,MANY-SHORT,3,14,148,148,3,9.96,-451.207,-18.402,432.805,153
HKWB,4459,31.0,0.1,MEDIUM,1,0,24,24,18,9.69,-14.187,-6.964,7.223,667
HKWB,4459,31.0,0.1,MEDIUM,1,1,24,24,18,9.69,-106.683,-18.966,87.717,695
HKWB,4459,31.0,0.1,MEDIUM,1,2,24,24,18,9.69,-24.388,-17.848,6.54,642
HKWB,4459,31.0,0.1,MEDIUM,1,3,24,24,18,9.69,-63.149,-22.119,41.03,654
HKWB,4459,31.0,0.1,MEDIUM,1,4,24,24,18,9.69,-17.385,-8.082,9.303,636
HKWB,4459,31.0,0.1,MEDIUM,1,5,24,24,18,9.69,-26.9,-8.383,18.517,644
HKWB,4459,31.0,0.1,MEDIUM,1,6,24,24,18,9.69,-57.556,-19.894,37.662,675
HKWB,4459,31.0,0.1,MEDIUM,1,7,24,24,18,9.69,-29.244,-10.402,18.841,664
HKWB,4459,31.0,0.1,MEDIUM,1,8,24,24,18,9.69,-69.193,-14.719,54.474,664
HKWB,4459,31.0,0.1,MEDIUM,1,9,24,24,18,9.69,-12.305,-6.092,6.214,687
HKWB,4459,31.0,0.1,MEDIUM,1,10,24,24,18,9.69,-30.799,-9.107,21.693,674
HKWB,4459,31.0,0.1,MEDIUM,1,11,24,24,18,9.69,-10.332,-7.826,2.506,669
HKWB,4459,31.0,0.1,MEDIUM,1,12,24,24,18,9.69,-51.082,-106.132,-55.049,670
HKWB,4459,31.0,0.1,MEDIUM,1,13,24,24,18,9.69,-12.704,-10.566,2.138,735
HKWB,4459,31.0,0.1,MEDIUM,1,14,24,24,18,9.69,-28.266,-18.081,10.184,689
HKWB,4459,31.0,0.1,MEDIUM,3,0,24,24,18,9.69,-16.519,-12.773,3.746,655
HKWB,4459,31.0,0.1,MEDIUM,3,1,24,24,18,9.69,-94.75,-33.36,61.39,685
HKWB,4459,31.0,0.1,MEDIUM,3,2,24,24,18,9.69,-26.461,-13.894,12.568,630
HKWB,4459,31.0,0.1,MEDIUM,3,3,24,24,18,9.69,-96.49,-17.468,79.022,644
HKWB,4459,31.0,0.1,MEDIUM,3,4,24,24,18,9.69,-22.626,-9.222,13.404,623
HKWB,4459,31.0,0.1,MEDIUM,3,5,24,24,18,9.69,-62.045,-12.902,49.143,632
HKWB,4459,31.0,0.1,MEDIUM,3,6,24,24,18,9.69,-47.498,-11.875,35.622,664
HKWB,4459,31.0,0.1,MEDIUM,3,7,24,24,18,9.69,-23.429,-15.133,8.296,653
HKWB,4459,31.0,0.1,MEDIUM,3,8,24,24,18,9.69,-59.829,-22.204,37.625,653
HKWB,4459,31.0,0.1,MEDIUM,3,9,24,24,18,9.69,-18.585,-14.88,3.705,677
HKWB,4459,31.0,0.1,MEDIUM,3,10,24,24,18,9.69,-50.27,-12.078,38.192,663
HKWB,4459,31.0,0.1,MEDIUM,3,11,24,24,18,9.69,-14.944,-15.015,-0.071,658
HKWB,4459,31.0,0.1,MEDIUM,3,12,24,24,18,9.69,-29.309,-58.979,-29.67,658
HKWB,4459,31.0,0.1,MEDIUM,3,13,24,24,18,9.69,-22.348,-20.898,1.45,727
HKWB,4459,31.0,0.1,MEDIUM,3,14,24,24,18,9.69,-34.86,-14.846,20.014,679
HKWB,4459,31.0,0.1,FEW-LONG,1,0,3,3,144,9.69,-16.426,-13.339,3.087,933
HKWB,4459,31.0,0.1,FEW-LONG,1,1,3,3,144,9.69,-13.196,-27.886,-14.69,947
HKWB,4459,31.0,0.1,FEW-LONG,1,2,3,3,144,9.69,-14.819,-8.828,5.991,933
HKWB,4459,31.0,0.1,FEW-LONG,1,3,3,3,144,9.69,-11.556,-9.274,2.282,933
HKWB,4459,31.0,0.1,FEW-LONG,1,4,3,3,144,9.69,-11.162,-10.426,0.736,933
HKWB,4459,31.0,0.1,FEW-LONG,1,5,3,3,144,9.69,-11.572,-10.585,0.987,933
HKWB,4459,31.0,0.1,FEW-LONG,1,6,3,3,144,9.69,-26.398,-79.989,-53.591,933
HKWB,4459,31.0,0.1,FEW-LONG,1,7,3,3,144,9.69,-8.156,-11.713,-3.557,933
HKWB,4459,31.0,0.1,FEW-LONG,1,8,3,3,144,9.69,-103.628,-123.282,-19.654,933
HKWB,4459,31.0,0.1,FEW-LONG,1,9,3,3,144,9.69,-12.975,-11.559,1.417,933
HKWB,4459,31.0,0.1,FEW-LONG,1,10,3,3,144,9.69,-8.825,-11.005,-2.181,933
HKWB,4459,31.0,0.1,FEW-LONG,1,11,3,3,144,9.69,-11.817,-9.942,1.876,933
HKWB,4459,31.0,0.1,FEW-LONG,1,12,3,3,144,9.69,-7.761,-10.415,-2.654,933
HKWB,4459,31.0,0.1,FEW-LONG,1,13,3,3,144,9.69,-12.3,-13.396,-1.096,933
HKWB,4459,31.0,0.1,FEW-LONG,1,14,3,3,144,9.69,-18.342,-6.967,11.375,933
HKWB,4459,31.0,0.1,FEW-LONG,3,0,3,3,144,9.69,-31.339,-36.363,-5.024,929
HKWB,4459,31.0,0.1,FEW-LONG,3,1,3,3,144,9.69,-16.993,-21.828,-4.834,943
HKWB,4459,31.0,0.1,FEW-LONG,3,2,3,3,144,9.69,-36.634,-23.679,12.955,929
HKWB,4459,31.0,0.1,FEW-LONG,3,3,3,3,144,9.69,-18.778,-20.519,-1.742,929
HKWB,4459,31.0,0.1,FEW-LONG,3,4,3,3,144,9.69,-13.974,-17.265,-3.29,929
HKWB,4459,31.0,0.1,FEW-LONG,3,5,3,3,144,9.69,-21.798,-20.663,1.134,929
HKWB,4459,31.0,0.1,FEW-LONG,3,6,3,3,144,9.69,-36.331,-85.728,-49.397,929
HKWB,4459,31.0,0.1,FEW-LONG,3,7,3,3,144,9.69,-13.541,-19.429,-5.888,929
HKWB,4459,31.0,0.1,FEW-LONG,3,8,3,3,144,9.69,-71.501,-86.679,-15.178,929
HKWB,4459,31.0,0.1,FEW-LONG,3,9,3,3,144,9.69,-14.683,-19.479,-4.796,929
HKWB,4459,31.0,0.1,FEW-LONG,3,10,3,3,144,9.69,-12.563,-25.034,-12.471,929
HKWB,4459,31.0,0.1,FEW-LONG,3,11,3,3,144,9.69,-18.039,-16.026,2.013,929
HKWB,4459,31.0,0.1,FEW-LONG,3,12,3,3,144,9.69,-14.611,-18.818,-4.207,929
HKWB,4459,31.0,0.1,FEW-LONG,3,13,3,3,144,9.69,-22.708,-16.091,6.617,929
HKWB,4459,31.0,0.1,FEW-LONG,3,14,3,3,144,9.69,-34.661,-16.105,18.556,929
HKWB,4459,31.0,0.2,MEDIUM,1,0,49,49,18,19.78,-11.668,-10.055,1.614,405
HKWB,4459,31.0,0.2,MEDIUM,1,1,49,49,18,19.78,-110.749,-27.711,83.039,422
HKWB,4459,31.0,0.2,MEDIUM,1,2,49,49,18,19.78,-361.993,-26.675,335.318,321
HKWB,4459,31.0,0.2,MEDIUM,1,3,49,49,18,19.78,-371.98,-26.279,345.701,373
HKWB,4459,31.0,0.2,MEDIUM,1,4,49,49,18,19.78,-16.101,-12.198,3.903,377
HKWB,4459,31.0,0.2,MEDIUM,1,5,49,49,18,19.78,-19.081,-8.696,10.385,359
HKWB,4459,31.0,0.2,MEDIUM,1,6,49,49,18,19.78,-543.91,-19.916,523.993,400
HKWB,4459,31.0,0.2,MEDIUM,1,7,49,49,18,19.78,-25.295,-17.664,7.63,384
HKWB,4459,31.0,0.2,MEDIUM,1,8,49,49,18,19.78,-144.83,-15.65,129.18,385
HKWB,4459,31.0,0.2,MEDIUM,1,9,49,49,18,19.78,-98.575,-21.824,76.752,397
HKWB,4459,31.0,0.2,MEDIUM,1,10,49,49,18,19.78,-410.036,-34.877,375.159,398
HKWB,4459,31.0,0.2,MEDIUM,1,11,49,49,18,19.78,-31.472,-14.83,16.642,365
HKWB,4459,31.0,0.2,MEDIUM,1,12,49,49,18,19.78,-507.511,-55.672,451.839,401
HKWB,4459,31.0,0.2,MEDIUM,1,13,49,49,18,19.78,-133.196,-9.78,123.415,380
HKWB,4459,31.0,0.2,MEDIUM,1,14,49,49,18,19.78,-132.067,-18.051,114.015,361
HKWB,4459,31.0,0.2,MEDIUM,3,0,49,49,18,19.78,-28.929,-23.73,5.199,392
HKWB,4459,31.0,0.2,MEDIUM,3,1,49,49,18,19.78,-101.736,-31.524,70.213,410
HKWB,4459,31.0,0.2,MEDIUM,3,2,49,49,18,19.78,-232.338,-26.008,206.33,309
HKWB,4459,31.0,0.2,MEDIUM,3,3,49,49,18,19.78,-260.958,-26.119,234.839,362
HKWB,4459,31.0,0.2,MEDIUM,3,4,49,49,18,19.78,-27.176,-28.71,-1.535,364
HKWB,4459,31.0,0.2,MEDIUM,3,5,49,49,18,19.78,-13.776,-17.015,-3.238,346
HKWB,4459,31.0,0.2,MEDIUM,3,6,49,49,18,19.78,-486.1,-15.161,470.938,388
HKWB,4459,31.0,0.2,MEDIUM,3,7,49,49,18,19.78,-27.252,-19.53,7.723,371
HKWB,4459,31.0,0.2,MEDIUM,3,8,49,49,18,19.78,-90.854,-28.444,62.41,372
HKWB,4459,31.0,0.2,MEDIUM,3,9,49,49,18,19.78,-104.367,-38.075,66.292,384
HKWB,4459,31.0,0.2,MEDIUM,3,10,49,49,18,19.78,-266.027,-38.844,227.184,387
HKWB,4459,31.0,0.2,MEDIUM,3,11,49,49,18,19.78,-54.137,-34.954,19.183,353
HKWB,4459,31.0,0.2,MEDIUM,3,12,49,49,18,19.78,-364.361,-116.96,247.402,390
HKWB,4459,31.0,0.2,MEDIUM,3,13,49,49,18,19.78,-138.125,-20.844,117.281,368
HKWB,4459,31.0,0.2,MEDIUM,3,14,49,49,18,19.78,-98.144,-19.662,78.481,349
HKWB,4459,31.0,0.2,FEW-LONG,1,0,6,6,144,19.38,-117.809,-59.814,57.995,793
HKWB,4459,31.0,0.2,FEW-LONG,1,1,6,6,144,19.38,-12.283,-11.801,0.482,793
HKWB,4459,31.0,0.2,FEW-LONG,1,2,6,6,144,19.38,-144.084,-166.455,-22.371,794
HKWB,4459,31.0,0.2,FEW-LONG,1,3,6,6,144,19.38,-23.393,-19.371,4.022,779
HKWB,4459,31.0,0.2,FEW-LONG,1,4,6,6,144,19.38,-13.11,-12.479,0.631,779
HKWB,4459,31.0,0.2,FEW-LONG,1,5,6,6,144,19.38,-17.399,-12.143,5.256,797
HKWB,4459,31.0,0.2,FEW-LONG,1,6,6,6,144,19.38,-16.96,-70.681,-53.721,790
HKWB,4459,31.0,0.2,FEW-LONG,1,7,6,6,144,19.38,-8.163,-6.998,1.165,789
HKWB,4459,31.0,0.2,FEW-LONG,1,8,6,6,144,19.38,-97.354,-115.254,-17.9,779
HKWB,4459,31.0,0.2,FEW-LONG,1,9,6,6,144,19.38,-24.869,-13.492,11.378,779
HKWB,4459,31.0,0.2,FEW-LONG,1,10,6,6,144,19.38,-16.926,-15.725,1.201,780
HKWB,4459,31.0,0.2,FEW-LONG,1,11,6,6,144,19.38,-22.196,-12.598,9.598,779
HKWB,4459,31.0,0.2,FEW-LONG,1,12,6,6,144,19.38,-29.525,-22.233,7.292,779
HKWB,4459,31.0,0.2,FEW-LONG,1,13,6,6,144,19.38,-10.482,-10.174,0.308,786
HKWB,4459,31.0,0.2,FEW-LONG,1,14,6,6,144,19.38,-29.873,-140.794,-110.921,782
HKWB,4459,31.0,0.2,FEW-LONG,3,0,6,6,144,19.38,-94.739,-76.672,18.068,788
HKWB,4459,31.0,0.2,FEW-LONG,3,1,6,6,144,19.38,-17.608,-15.435,2.173,788
HKWB,4459,31.0,0.2,FEW-LONG,3,2,6,6,144,19.38,-120.291,-135.576,-15.284,789
HKWB,4459,31.0,0.2,FEW-LONG,3,3,6,6,144,19.38,-33.646,-31.136,2.51,774
HKWB,4459,31.0,0.2,FEW-LONG,3,4,6,6,144,19.38,-20.363,-21.291,-0.929,774
HKWB,4459,31.0,0.2,FEW-LONG,3,5,6,6,144,19.38,-41.44,-14.942,26.498,792
HKWB,4459,31.0,0.2,FEW-LONG,3,6,6,6,144,19.38,-24.099,-51.784,-27.685,785
HKWB,4459,31.0,0.2,FEW-LONG,3,7,6,6,144,19.38,-12.681,-10.793,1.888,785
HKWB,4459,31.0,0.2,FEW-LONG,3,8,6,6,144,19.38,-79.303,-66.299,13.004,774
HKWB,4459,31.0,0.2,FEW-LONG,3,9,6,6,144,19.38,-21.323,-27.366,-6.043,774
HKWB,4459,31.0,0.2,FEW-LONG,3,10,6,6,144,19.38,-28.774,-22.366,6.408,775
HKWB,4459,31.0,0.2,FEW-LONG,3,11,6,6,144,19.38,-60.665,-21.88,38.785,774
HKWB,4459,31.0,0.2,FEW-LONG,3,12,6,6,144,19.38,-28.875,-20.27,8.605,774
HKWB,4459,31.0,0.2,FEW-LONG,3,13,6,6,144,19.38,-26.786,-16.312,10.474,781
HKWB,4459,31.0,0.2,FEW-LONG,3,14,6,6,144,19.38,-42.807,-78.51,-35.703,777
HKWA,4007,27.8,0.05,MANY-SHORT,1,0,66,66,3,4.94,-4.291,-2.982,1.309,325
HKWA,4007,27.8,0.05,MANY-SHORT,1,1,66,66,3,4.94,0.625,-3.325,-3.949,352
HKWA,4007,27.8,0.05,MANY-SHORT,1,2,66,66,3,4.94,-1.283,-3.499,-2.216,284
HKWA,4007,27.8,0.05,MANY-SHORT,1,3,66,66,3,4.94,-0.841,-3.613,-2.772,320
HKWA,4007,27.8,0.05,MANY-SHORT,1,4,66,66,3,4.94,-6.542,-3.405,3.137,330
HKWA,4007,27.8,0.05,MANY-SHORT,1,5,66,66,3,4.94,-5.991,-1.942,4.049,313
HKWA,4007,27.8,0.05,MANY-SHORT,1,6,66,66,3,4.94,-2.383,-2.301,0.083,356
HKWA,4007,27.8,0.05,MANY-SHORT,1,7,66,66,3,4.94,-2.296,-2.321,-0.024,317
HKWA,4007,27.8,0.05,MANY-SHORT,1,8,66,66,3,4.94,-8.308,-3.886,4.421,368
HKWA,4007,27.8,0.05,MANY-SHORT,1,9,66,66,3,4.94,-2.347,-1.964,0.383,383
HKWA,4007,27.8,0.05,MANY-SHORT,1,10,66,66,3,4.94,-1.64,-2.024,-0.384,381
HKWA,4007,27.8,0.05,MANY-SHORT,1,11,66,66,3,4.94,0.83,-2.816,-3.646,323
HKWA,4007,27.8,0.05,MANY-SHORT,1,12,66,66,3,4.94,-2.63,-2.06,0.57,296
HKWA,4007,27.8,0.05,MANY-SHORT,1,13,66,66,3,4.94,-2.744,-2.126,0.618,304
HKWA,4007,27.8,0.05,MANY-SHORT,1,14,66,66,3,4.94,-1.029,-2.919,-1.889,317
HKWA,4007,27.8,0.05,MANY-SHORT,3,0,66,66,3,4.94,-0.775,-7.604,-6.829,313
HKWA,4007,27.8,0.05,MANY-SHORT,3,1,66,66,3,4.94,4.974,-3.818,-8.792,339
HKWA,4007,27.8,0.05,MANY-SHORT,3,2,66,66,3,4.94,0.944,-4.141,-5.085,271
HKWA,4007,27.8,0.05,MANY-SHORT,3,3,66,66,3,4.94,4.78,-4.06,-8.84,307
HKWA,4007,27.8,0.05,MANY-SHORT,3,4,66,66,3,4.94,-6.054,-3.492,2.561,319
HKWA,4007,27.8,0.05,MANY-SHORT,3,5,66,66,3,4.94,-13.424,-7.487,5.936,300
HKWA,4007,27.8,0.05,MANY-SHORT,3,6,66,66,3,4.94,-6.956,-1.084,5.872,343
HKWA,4007,27.8,0.05,MANY-SHORT,3,7,66,66,3,4.94,-0.845,-1.96,-1.114,304
HKWA,4007,27.8,0.05,MANY-SHORT,3,8,66,66,3,4.94,-9.602,-4.282,5.319,356
HKWA,4007,27.8,0.05,MANY-SHORT,3,9,66,66,3,4.94,3.647,-4.011,-7.658,370
HKWA,4007,27.8,0.05,MANY-SHORT,3,10,66,66,3,4.94,-0.583,-4.432,-3.849,368
HKWA,4007,27.8,0.05,MANY-SHORT,3,11,66,66,3,4.94,1.206,-4.527,-5.734,310
HKWA,4007,27.8,0.05,MANY-SHORT,3,12,66,66,3,4.94,-0.314,-1.917,-1.603,284
HKWA,4007,27.8,0.05,MANY-SHORT,3,13,66,66,3,4.94,-3.546,-6.128,-2.581,292
HKWA,4007,27.8,0.05,MANY-SHORT,3,14,66,66,3,4.94,5.768,-5.07,-10.839,305
HKWA,4007,27.8,0.05,MEDIUM,1,0,11,11,18,4.94,-2.981,-2.498,0.483,765
HKWA,4007,27.8,0.05,MEDIUM,1,1,11,11,18,4.94,-3.504,-1.658,1.846,757
HKWA,4007,27.8,0.05,MEDIUM,1,2,11,11,18,4.94,-0.34,-2.195,-1.855,761
HKWA,4007,27.8,0.05,MEDIUM,1,3,11,11,18,4.94,-7.376,-3.779,3.597,779
HKWA,4007,27.8,0.05,MEDIUM,1,4,11,11,18,4.94,-1.819,-2.933,-1.113,771
HKWA,4007,27.8,0.05,MEDIUM,1,5,11,11,18,4.94,-1.8,-3.802,-2.002,769
HKWA,4007,27.8,0.05,MEDIUM,1,6,11,11,18,4.94,-1.343,-2.036,-0.693,773
HKWA,4007,27.8,0.05,MEDIUM,1,7,11,11,18,4.94,-8.452,-3.327,5.125,763
HKWA,4007,27.8,0.05,MEDIUM,1,8,11,11,18,4.94,-4.471,-3.684,0.786,769
HKWA,4007,27.8,0.05,MEDIUM,1,9,11,11,18,4.94,-3.234,-1.106,2.129,757
HKWA,4007,27.8,0.05,MEDIUM,1,10,11,11,18,4.94,-2.426,-2.334,0.093,770
HKWA,4007,27.8,0.05,MEDIUM,1,11,11,11,18,4.94,-4.187,-3.128,1.059,796
HKWA,4007,27.8,0.05,MEDIUM,1,12,11,11,18,4.94,-9.525,-4.717,4.807,778
HKWA,4007,27.8,0.05,MEDIUM,1,13,11,11,18,4.94,-4.446,-1.733,2.713,801
HKWA,4007,27.8,0.05,MEDIUM,1,14,11,11,18,4.94,-2.073,-2.094,-0.022,785
HKWA,4007,27.8,0.05,MEDIUM,3,0,11,11,18,4.94,0.104,-4.297,-4.401,758
HKWA,4007,27.8,0.05,MEDIUM,3,1,11,11,18,4.94,-5.108,-1.476,3.632,749
HKWA,4007,27.8,0.05,MEDIUM,3,2,11,11,18,4.94,-3.085,-1.572,1.513,753
HKWA,4007,27.8,0.05,MEDIUM,3,3,11,11,18,4.94,-5.628,-4.891,0.737,772
HKWA,4007,27.8,0.05,MEDIUM,3,4,11,11,18,4.94,-3.19,-2.841,0.349,764
HKWA,4007,27.8,0.05,MEDIUM,3,5,11,11,18,4.94,-1.946,-2.578,-0.632,762
HKWA,4007,27.8,0.05,MEDIUM,3,6,11,11,18,4.94,-2.923,-5.042,-2.12,766
HKWA,4007,27.8,0.05,MEDIUM,3,7,11,11,18,4.94,-16.792,-2.673,14.119,755
HKWA,4007,27.8,0.05,MEDIUM,3,8,11,11,18,4.94,-4.453,-6.664,-2.212,761
HKWA,4007,27.8,0.05,MEDIUM,3,9,11,11,18,4.94,-1.578,-1.973,-0.395,749
HKWA,4007,27.8,0.05,MEDIUM,3,10,11,11,18,4.94,-2.174,-2.675,-0.501,763
HKWA,4007,27.8,0.05,MEDIUM,3,11,11,11,18,4.94,-2.958,-4.339,-1.381,790
HKWA,4007,27.8,0.05,MEDIUM,3,12,11,11,18,4.94,-15.666,-5.104,10.561,771
HKWA,4007,27.8,0.05,MEDIUM,3,13,11,11,18,4.94,-1.724,-2.452,-0.728,795
HKWA,4007,27.8,0.05,MEDIUM,3,14,11,11,18,4.94,-3.446,-4.76,-1.313,778
HKWA,4007,27.8,0.05,FEW-LONG,1,0,1,1,144,3.59,-1.877,-4.076,-2.2,923
HKWA,4007,27.8,0.05,FEW-LONG,1,1,1,1,144,3.59,-1.759,-3.062,-1.303,923
HKWA,4007,27.8,0.05,FEW-LONG,1,2,1,1,144,3.59,-2.103,-2.818,-0.715,923
HKWA,4007,27.8,0.05,FEW-LONG,1,3,1,1,144,3.59,-2.125,-3.074,-0.95,923
HKWA,4007,27.8,0.05,FEW-LONG,1,4,1,1,144,3.59,-2.954,-1.888,1.066,923
HKWA,4007,27.8,0.05,FEW-LONG,1,5,1,1,144,3.59,-2.451,-3.507,-1.056,923
HKWA,4007,27.8,0.05,FEW-LONG,1,6,1,1,144,3.59,-1.036,-1.441,-0.405,923
HKWA,4007,27.8,0.05,FEW-LONG,1,7,1,1,144,3.59,-2.287,-3.514,-1.228,923
HKWA,4007,27.8,0.05,FEW-LONG,1,8,1,1,144,3.59,-2.455,-3.904,-1.448,923
HKWA,4007,27.8,0.05,FEW-LONG,1,9,1,1,144,3.59,-1.272,-3.206,-1.935,923
HKWA,4007,27.8,0.05,FEW-LONG,1,10,1,1,144,3.59,-1.955,-2.532,-0.577,923
HKWA,4007,27.8,0.05,FEW-LONG,1,11,1,1,144,3.59,-2.129,-2.26,-0.131,923
HKWA,4007,27.8,0.05,FEW-LONG,1,12,1,1,144,3.59,-0.647,-2.194,-1.547,923
HKWA,4007,27.8,0.05,FEW-LONG,1,13,1,1,144,3.59,-2.743,-3.078,-0.334,923
HKWA,4007,27.8,0.05,FEW-LONG,1,14,1,1,144,3.59,-1.018,-1.178,-0.16,923
HKWA,4007,27.8,0.05,FEW-LONG,3,0,1,1,144,3.59,-2.709,-3.612,-0.904,920
HKWA,4007,27.8,0.05,FEW-LONG,3,1,1,1,144,3.59,-5.013,-3.86,1.153,920
HKWA,4007,27.8,0.05,FEW-LONG,3,2,1,1,144,3.59,-3.119,-3.194,-0.075,920
HKWA,4007,27.8,0.05,FEW-LONG,3,3,1,1,144,3.59,-3.388,-2.626,0.761,920
HKWA,4007,27.8,0.05,FEW-LONG,3,4,1,1,144,3.59,-6.622,-6.064,0.557,920
HKWA,4007,27.8,0.05,FEW-LONG,3,5,1,1,144,3.59,-5.912,-6.095,-0.183,920
HKWA,4007,27.8,0.05,FEW-LONG,3,6,1,1,144,3.59,-3.313,-4.042,-0.728,920
HKWA,4007,27.8,0.05,FEW-LONG,3,7,1,1,144,3.59,-3.343,-2.874,0.469,920
HKWA,4007,27.8,0.05,FEW-LONG,3,8,1,1,144,3.59,-6.488,-5.692,0.796,920
HKWA,4007,27.8,0.05,FEW-LONG,3,9,1,1,144,3.59,-3.511,-4.23,-0.719,920
HKWA,4007,27.8,0.05,FEW-LONG,3,10,1,1,144,3.59,-4.092,-3.884,0.208,920
HKWA,4007,27.8,0.05,FEW-LONG,3,11,1,1,144,3.59,-3.914,-4.165,-0.252,920
HKWA,4007,27.8,0.05,FEW-LONG,3,12,1,1,144,3.59,-2.34,-3.756,-1.416,920
HKWA,4007,27.8,0.05,FEW-LONG,3,13,1,1,144,3.59,-2.666,-3.326,-0.66,920
HKWA,4007,27.8,0.05,FEW-LONG,3,14,1,1,144,3.59,-2.782,-4.79,-2.008,920
HKWA,4007,27.8,0.1,MANY-SHORT,1,8,133,133,3,9.96,2.662,-1.204,-3.867,152
HKWA,4007,27.8,0.1,MEDIUM,1,0,22,22,18,9.88,-5.452,-3.703,1.748,587
HKWA,4007,27.8,0.1,MEDIUM,1,1,22,22,18,9.88,-2.579,-3.44,-0.861,612
HKWA,4007,27.8,0.1,MEDIUM,1,2,22,22,18,9.88,-1.161,-2.797,-1.636,573
HKWA,4007,27.8,0.1,MEDIUM,1,3,22,22,18,9.88,-9.482,-3.533,5.949,586
HKWA,4007,27.8,0.1,MEDIUM,1,4,22,22,18,9.88,-0.812,-4.872,-4.06,569
HKWA,4007,27.8,0.1,MEDIUM,1,5,22,22,18,9.88,-8.687,-8.839,-0.152,573
HKWA,4007,27.8,0.1,MEDIUM,1,6,22,22,18,9.88,-0.816,-2.517,-1.702,607
HKWA,4007,27.8,0.1,MEDIUM,1,7,22,22,18,9.88,-5.638,-2.018,3.62,583
HKWA,4007,27.8,0.1,MEDIUM,1,8,22,22,18,9.88,-19.465,-5.398,14.067,587
HKWA,4007,27.8,0.1,MEDIUM,1,9,22,22,18,9.88,-4.795,-0.833,3.962,596
HKWA,4007,27.8,0.1,MEDIUM,1,10,22,22,18,9.88,-7.128,-2.486,4.642,595
HKWA,4007,27.8,0.1,MEDIUM,1,11,22,22,18,9.88,-1.423,-1.813,-0.39,591
HKWA,4007,27.8,0.1,MEDIUM,1,12,22,22,18,9.88,-11.45,-3.671,7.778,590
HKWA,4007,27.8,0.1,MEDIUM,1,13,22,22,18,9.88,-7.736,-2.397,5.339,640
HKWA,4007,27.8,0.1,MEDIUM,1,14,22,22,18,9.88,-9.56,-5.032,4.527,612
HKWA,4007,27.8,0.1,MEDIUM,3,0,22,22,18,9.88,-3.724,-4.48,-0.756,577
HKWA,4007,27.8,0.1,MEDIUM,3,1,22,22,18,9.88,-3.441,-4.145,-0.704,602
HKWA,4007,27.8,0.1,MEDIUM,3,2,22,22,18,9.88,-1.526,-2.582,-1.056,562
HKWA,4007,27.8,0.1,MEDIUM,3,3,22,22,18,9.88,-15.704,-5.51,10.194,576
HKWA,4007,27.8,0.1,MEDIUM,3,4,22,22,18,9.88,-3.787,-3.795,-0.008,558
HKWA,4007,27.8,0.1,MEDIUM,3,5,22,22,18,9.88,-8.121,-6.277,1.844,563
HKWA,4007,27.8,0.1,MEDIUM,3,6,22,22,18,9.88,-1.866,-3.029,-1.163,597
HKWA,4007,27.8,0.1,MEDIUM,3,7,22,22,18,9.88,-9.259,-3.919,5.34,573
HKWA,4007,27.8,0.1,MEDIUM,3,8,22,22,18,9.88,-18.781,-9.014,9.767,577
HKWA,4007,27.8,0.1,MEDIUM,3,9,22,22,18,9.88,-9.5,-2.592,6.908,586
HKWA,4007,27.8,0.1,MEDIUM,3,10,22,22,18,9.88,-6.894,-4.248,2.646,585
HKWA,4007,27.8,0.1,MEDIUM,3,11,22,22,18,9.88,-1.137,-3.859,-2.722,581
HKWA,4007,27.8,0.1,MEDIUM,3,12,22,22,18,9.88,-15.518,-5.302,10.216,579
HKWA,4007,27.8,0.1,MEDIUM,3,13,22,22,18,9.88,-10.618,-2.341,8.277,631
HKWA,4007,27.8,0.1,MEDIUM,3,14,22,22,18,9.88,-17.668,-9.723,7.945,603
HKWA,4007,27.8,0.1,FEW-LONG,1,0,2,2,144,7.19,-1.8,-2.986,-1.186,871
HKWA,4007,27.8,0.1,FEW-LONG,1,1,2,2,144,7.19,-2.391,-2.894,-0.503,871
HKWA,4007,27.8,0.1,FEW-LONG,1,2,2,2,144,7.19,-1.62,-3.228,-1.609,871
HKWA,4007,27.8,0.1,FEW-LONG,1,3,2,2,144,7.19,-1.961,-2.906,-0.946,871
HKWA,4007,27.8,0.1,FEW-LONG,1,4,2,2,144,7.19,-3.875,-1.838,2.038,871
HKWA,4007,27.8,0.1,FEW-LONG,1,5,2,2,144,7.19,-3.297,-3.224,0.074,871
HKWA,4007,27.8,0.1,FEW-LONG,1,6,2,2,144,7.19,-1.224,-0.86,0.364,871
HKWA,4007,27.8,0.1,FEW-LONG,1,7,2,2,144,7.19,-2.991,-2.435,0.556,871
HKWA,4007,27.8,0.1,FEW-LONG,1,8,2,2,144,7.19,-3.371,-3.488,-0.117,871
HKWA,4007,27.8,0.1,FEW-LONG,1,9,2,2,144,7.19,-1.128,-3.526,-2.398,871
HKWA,4007,27.8,0.1,FEW-LONG,1,10,2,2,144,7.19,-3.462,-1.74,1.723,871
HKWA,4007,27.8,0.1,FEW-LONG,1,11,2,2,144,7.19,-2.172,-2.249,-0.078,871
HKWA,4007,27.8,0.1,FEW-LONG,1,12,2,2,144,7.19,-5.551,-2.131,3.42,871
HKWA,4007,27.8,0.1,FEW-LONG,1,13,2,2,144,7.19,-4.6,-2.766,1.834,871
HKWA,4007,27.8,0.1,FEW-LONG,1,14,2,2,144,7.19,-2.495,-2.811,-0.316,871
HKWA,4007,27.8,0.1,FEW-LONG,3,0,2,2,144,7.19,-3.247,-4.46,-1.214,868
HKWA,4007,27.8,0.1,FEW-LONG,3,1,2,2,144,7.19,-4.49,-3.626,0.865,868
HKWA,4007,27.8,0.1,FEW-LONG,3,2,2,2,144,7.19,-2.696,-5.582,-2.886,868
HKWA,4007,27.8,0.1,FEW-LONG,3,3,2,2,144,7.19,-0.27,-2.005,-1.735,868
HKWA,4007,27.8,0.1,FEW-LONG,3,4,2,2,144,7.19,-6.626,-5.009,1.617,868
HKWA,4007,27.8,0.1,FEW-LONG,3,5,2,2,144,7.19,-4.602,-5.163,-0.56,868
HKWA,4007,27.8,0.1,FEW-LONG,3,6,2,2,144,7.19,-1.08,-1.657,-0.578,868
HKWA,4007,27.8,0.1,FEW-LONG,3,7,2,2,144,7.19,-3.667,-2.854,0.813,868
HKWA,4007,27.8,0.1,FEW-LONG,3,8,2,2,144,7.19,-3.727,-5.523,-1.796,868
HKWA,4007,27.8,0.1,FEW-LONG,3,9,2,2,144,7.19,-3.11,-3.106,0.004,868
HKWA,4007,27.8,0.1,FEW-LONG,3,10,2,2,144,7.19,-6.849,-3.847,3.002,868
HKWA,4007,27.8,0.1,FEW-LONG,3,11,2,2,144,7.19,-2.807,-3.475,-0.668,868
HKWA,4007,27.8,0.1,FEW-LONG,3,12,2,2,144,7.19,-6.609,-6.445,0.164,868
HKWA,4007,27.8,0.1,FEW-LONG,3,13,2,2,144,7.19,-5.069,-2.877,2.192,868
HKWA,4007,27.8,0.1,FEW-LONG,3,14,2,2,144,7.19,-1.482,-2.14,-0.659,868
HKWA,4007,27.8,0.2,MEDIUM,1,0,44,44,18,19.77,-2.969,-3.455,-0.486,367
HKWA,4007,27.8,0.2,MEDIUM,1,1,44,44,18,19.77,-0.659,-2.787,-2.128,375
HKWA,4007,27.8,0.2,MEDIUM,1,2,44,44,18,19.77,-1.65,-5.597,-3.947,287
HKWA,4007,27.8,0.2,MEDIUM,1,3,44,44,18,19.77,-2.893,-5.928,-3.036,321
HKWA,4007,27.8,0.2,MEDIUM,1,4,44,44,18,19.77,-4.466,-13.709,-9.243,325
HKWA,4007,27.8,0.2,MEDIUM,1,5,44,44,18,19.77,-8.283,-10.344,-2.061,353
HKWA,4007,27.8,0.2,MEDIUM,1,6,44,44,18,19.77,-3.481,-5.102,-1.622,349
HKWA,4007,27.8,0.2,MEDIUM,1,7,44,44,18,19.77,-4.424,-4.666,-0.242,322
HKWA,4007,27.8,0.2,MEDIUM,1,8,44,44,18,19.77,-3.581,-0.815,2.766,348
HKWA,4007,27.8,0.2,MEDIUM,1,9,44,44,18,19.77,-3.116,-2.615,0.501,346
HKWA,4007,27.8,0.2,MEDIUM,1,10,44,44,18,19.77,-4.273,-3.094,1.179,354
HKWA,4007,27.8,0.2,MEDIUM,1,11,44,44,18,19.77,-5.748,-3.188,2.56,338
HKWA,4007,27.8,0.2,MEDIUM,1,12,44,44,18,19.77,-8.151,-4.309,3.843,345
HKWA,4007,27.8,0.2,MEDIUM,1,13,44,44,18,19.77,-4.475,-1.692,2.783,352
HKWA,4007,27.8,0.2,MEDIUM,1,14,44,44,18,19.77,-6.872,-6.679,0.194,332
HKWA,4007,27.8,0.2,MEDIUM,3,0,44,44,18,19.77,-2.98,-4.007,-1.027,356
HKWA,4007,27.8,0.2,MEDIUM,3,1,44,44,18,19.77,-0.318,-2.119,-1.8,364
HKWA,4007,27.8,0.2,MEDIUM,3,2,44,44,18,19.77,-0.94,-3.826,-2.886,276
HKWA,4007,27.8,0.2,MEDIUM,3,3,44,44,18,19.77,1.644,-5.598,-7.242,311
HKWA,4007,27.8,0.2,MEDIUM,3,4,44,44,18,19.77,0.731,-13.202,-13.933,314
HKWA,4007,27.8,0.2,MEDIUM,3,5,44,44,18,19.77,-7.258,-5.144,2.114,341
HKWA,4007,27.8,0.2,MEDIUM,3,6,44,44,18,19.77,-16.578,-6.158,10.421,338
HKWA,4007,27.8,0.2,MEDIUM,3,7,44,44,18,19.77,-5.28,-7.675,-2.394,312
HKWA,4007,27.8,0.2,MEDIUM,3,8,44,44,18,19.77,-0.396,-4.975,-4.579,336
HKWA,4007,27.8,0.2,MEDIUM,3,9,44,44,18,19.77,0.536,-1.425,-1.961,334
HKWA,4007,27.8,0.2,MEDIUM,3,10,44,44,18,19.77,-1.347,-3.924,-2.577,343
HKWA,4007,27.8,0.2,MEDIUM,3,11,44,44,18,19.77,-3.656,-6.313,-2.657,326
HKWA,4007,27.8,0.2,MEDIUM,3,12,44,44,18,19.77,-2.877,-10.618,-7.741,334
HKWA,4007,27.8,0.2,MEDIUM,3,13,44,44,18,19.77,-11.291,-4.362,6.929,341
HKWA,4007,27.8,0.2,MEDIUM,3,14,44,44,18,19.77,6.157,-6.216,-12.373,320
HKWA,4007,27.8,0.2,FEW-LONG,1,0,5,5,144,17.97,-2.377,-23.967,-21.59,718
HKWA,4007,27.8,0.2,FEW-LONG,1,1,5,5,144,17.97,-3.465,-1.819,1.646,718
HKWA,4007,27.8,0.2,FEW-LONG,1,2,5,5,144,17.97,-2.138,-2.824,-0.686,718
HKWA,4007,27.8,0.2,FEW-LONG,1,3,5,5,144,17.97,-3.231,-2.151,1.081,720
HKWA,4007,27.8,0.2,FEW-LONG,1,4,5,5,144,17.97,-4.781,-13.788,-9.008,718
HKWA,4007,27.8,0.2,FEW-LONG,1,5,5,5,144,17.97,-2.557,-2.217,0.34,729
HKWA,4007,27.8,0.2,FEW-LONG,1,6,5,5,144,17.97,-2.101,-0.38,1.721,718
HKWA,4007,27.8,0.2,FEW-LONG,1,7,5,5,144,17.97,-8.861,-87.556,-78.695,738
HKWA,4007,27.8,0.2,FEW-LONG,1,8,5,5,144,17.97,-5.856,-5.975,-0.119,718
HKWA,4007,27.8,0.2,FEW-LONG,1,9,5,5,144,17.97,-2.053,-4.541,-2.488,718
HKWA,4007,27.8,0.2,FEW-LONG,1,10,5,5,144,17.97,-4.118,-2.551,1.567,727
HKWA,4007,27.8,0.2,FEW-LONG,1,11,5,5,144,17.97,-7.376,-4.864,2.512,718
HKWA,4007,27.8,0.2,FEW-LONG,1,12,5,5,144,17.97,-4.78,-1.519,3.261,718
HKWA,4007,27.8,0.2,FEW-LONG,1,13,5,5,144,17.97,-4.091,-3.913,0.178,729
HKWA,4007,27.8,0.2,FEW-LONG,1,14,5,5,144,17.97,-1.463,-2.11,-0.648,718
HKWA,4007,27.8,0.2,FEW-LONG,3,0,5,5,144,17.97,-4.251,-12.575,-8.324,713
HKWA,4007,27.8,0.2,FEW-LONG,3,1,5,5,144,17.97,-3.339,-7.175,-3.835,713
HKWA,4007,27.8,0.2,FEW-LONG,3,2,5,5,144,17.97,-2.846,-3.725,-0.878,713
HKWA,4007,27.8,0.2,FEW-LONG,3,3,5,5,144,17.97,-2.625,-3.028,-0.403,716
HKWA,4007,27.8,0.2,FEW-LONG,3,4,5,5,144,17.97,-1.251,-8.423,-7.172,713
HKWA,4007,27.8,0.2,FEW-LONG,3,5,5,5,144,17.97,-3.195,-5.089,-1.894,724
HKWA,4007,27.8,0.2,FEW-LONG,3,6,5,5,144,17.97,-2.706,-3.351,-0.645,713
HKWA,4007,27.8,0.2,FEW-LONG,3,7,5,5,144,17.97,-14.295,-23.46,-9.165,735
HKWA,4007,27.8,0.2,FEW-LONG,3,8,5,5,144,17.97,-7.183,-7.216,-0.033,714
HKWA,4007,27.8,0.2,FEW-LONG,3,9,5,5,144,17.97,-0.379,-4.641,-4.262,713
HKWA,4007,27.8,0.2,FEW-LONG,3,10,5,5,144,17.97,-6.658,-3.177,3.481,723
HKWA,4007,27.8,0.2,FEW-LONG,3,11,5,5,144,17.97,-17.39,-12.703,4.687,713
HKWA,4007,27.8,0.2,FEW-LONG,3,12,5,5,144,17.97,-8.81,-3.749,5.061,713
HKWA,4007,27.8,0.2,FEW-LONG,3,13,5,5,144,17.97,-4.82,-3.798,1.021,724
HKWA,4007,27.8,0.2,FEW-LONG,3,14,5,5,144,17.97,-0.828,-3.001,-2.173,713
HKZB,3686,25.6,0.05,MANY-SHORT,1,0,61,61,3,4.96,-55.569,-9.338,46.231,298
HKZB,3686,25.6,0.05,MANY-SHORT,1,1,61,61,3,4.96,-30.652,-24.253,6.399,340
HKZB,3686,25.6,0.05,MANY-SHORT,1,2,61,61,3,4.96,-71.15,-16.98,54.17,265
HKZB,3686,25.6,0.05,MANY-SHORT,1,3,61,61,3,4.96,-82.156,-11.02,71.137,288
HKZB,3686,25.6,0.05,MANY-SHORT,1,4,61,61,3,4.96,-24.552,-12.503,12.048,298
HKZB,3686,25.6,0.05,MANY-SHORT,1,5,61,61,3,4.96,-38.51,-9.888,28.622,293
HKZB,3686,25.6,0.05,MANY-SHORT,1,6,61,61,3,4.96,-14.722,-9.545,5.176,310
HKZB,3686,25.6,0.05,MANY-SHORT,1,7,61,61,3,4.96,-52.254,-14.636,37.618,302
HKZB,3686,25.6,0.05,MANY-SHORT,1,8,61,61,3,4.96,-44.523,-20.838,23.685,337
HKZB,3686,25.6,0.05,MANY-SHORT,1,9,61,61,3,4.96,-26.527,-8.648,17.879,330
HKZB,3686,25.6,0.05,MANY-SHORT,1,10,61,61,3,4.96,-43.125,-14.796,28.329,338
HKZB,3686,25.6,0.05,MANY-SHORT,1,11,61,61,3,4.96,-134.985,-18.1,116.886,305
HKZB,3686,25.6,0.05,MANY-SHORT,1,12,61,61,3,4.96,-64.008,-14.187,49.821,285
HKZB,3686,25.6,0.05,MANY-SHORT,1,13,61,61,3,4.96,-124.311,-12.549,111.762,275
HKZB,3686,25.6,0.05,MANY-SHORT,1,14,61,61,3,4.96,-37.137,-12.693,24.445,289
HKZB,3686,25.6,0.05,MANY-SHORT,3,0,61,61,3,4.96,-96.452,-12.005,84.447,286
HKZB,3686,25.6,0.05,MANY-SHORT,3,1,61,61,3,4.96,-61.755,-16.894,44.86,328
HKZB,3686,25.6,0.05,MANY-SHORT,3,2,61,61,3,4.96,-114.603,-12.23,102.373,253
HKZB,3686,25.6,0.05,MANY-SHORT,3,3,61,61,3,4.96,-43.28,-14.825,28.455,277
HKZB,3686,25.6,0.05,MANY-SHORT,3,4,61,61,3,4.96,-39.995,-11.575,28.421,286
HKZB,3686,25.6,0.05,MANY-SHORT,3,5,61,61,3,4.96,-28.98,-11.945,17.035,279
HKZB,3686,25.6,0.05,MANY-SHORT,3,6,61,61,3,4.96,-31.504,-15.991,15.513,298
HKZB,3686,25.6,0.05,MANY-SHORT,3,7,61,61,3,4.96,-102.799,-20.545,82.254,291
HKZB,3686,25.6,0.05,MANY-SHORT,3,8,61,61,3,4.96,-70.984,-22.311,48.673,324
HKZB,3686,25.6,0.05,MANY-SHORT,3,9,61,61,3,4.96,-60.651,-20.063,40.587,318
HKZB,3686,25.6,0.05,MANY-SHORT,3,10,61,61,3,4.96,-112.18,-15.917,96.263,326
HKZB,3686,25.6,0.05,MANY-SHORT,3,11,61,61,3,4.96,-133.799,-18.622,115.177,294
HKZB,3686,25.6,0.05,MANY-SHORT,3,12,61,61,3,4.96,-61.35,-14.791,46.559,273
HKZB,3686,25.6,0.05,MANY-SHORT,3,13,61,61,3,4.96,-105.607,-14.267,91.341,263
HKZB,3686,25.6,0.05,MANY-SHORT,3,14,61,61,3,4.96,-76.341,-17.603,58.739,277
HKZB,3686,25.6,0.05,MEDIUM,1,0,10,10,18,4.88,-14.18,-6.717,7.463,696
HKZB,3686,25.6,0.05,MEDIUM,1,1,10,10,18,4.88,-22.084,-11.498,10.587,696
HKZB,3686,25.6,0.05,MEDIUM,1,2,10,10,18,4.88,-15.531,-11.359,4.172,702
HKZB,3686,25.6,0.05,MEDIUM,1,3,10,10,18,4.88,-12.211,-12.8,-0.59,720
HKZB,3686,25.6,0.05,MEDIUM,1,4,10,10,18,4.88,-10.431,-12.525,-2.095,711
HKZB,3686,25.6,0.05,MEDIUM,1,5,10,10,18,4.88,-12.684,-7.837,4.847,710
HKZB,3686,25.6,0.05,MEDIUM,1,6,10,10,18,4.88,-15.097,-9.598,5.498,699
HKZB,3686,25.6,0.05,MEDIUM,1,7,10,10,18,4.88,-12.665,-12.794,-0.128,696
HKZB,3686,25.6,0.05,MEDIUM,1,8,10,10,18,4.88,-11.888,-13.424,-1.537,709
HKZB,3686,25.6,0.05,MEDIUM,1,9,10,10,18,4.88,-12.851,-11.682,1.169,696
HKZB,3686,25.6,0.05,MEDIUM,1,10,10,10,18,4.88,-7.705,-13.66,-5.955,712
HKZB,3686,25.6,0.05,MEDIUM,1,11,10,10,18,4.88,-7.624,-9.101,-1.476,723
HKZB,3686,25.6,0.05,MEDIUM,1,12,10,10,18,4.88,-14.306,-10.827,3.479,719
HKZB,3686,25.6,0.05,MEDIUM,1,13,10,10,18,4.88,-27.879,-13.459,14.42,734
HKZB,3686,25.6,0.05,MEDIUM,1,14,10,10,18,4.88,-11.957,-10.674,1.282,727
HKZB,3686,25.6,0.05,MEDIUM,3,0,10,10,18,4.88,-13.393,-10.654,2.739,689
HKZB,3686,25.6,0.05,MEDIUM,3,1,10,10,18,4.88,-18.606,-18.113,0.493,689
HKZB,3686,25.6,0.05,MEDIUM,3,2,10,10,18,4.88,-20.602,-11.008,9.594,696
HKZB,3686,25.6,0.05,MEDIUM,3,3,10,10,18,4.88,-14.243,-14.657,-0.414,714
HKZB,3686,25.6,0.05,MEDIUM,3,4,10,10,18,4.88,-21.793,-15.502,6.291,704
HKZB,3686,25.6,0.05,MEDIUM,3,5,10,10,18,4.88,-11.569,-15.418,-3.85,703
HKZB,3686,25.6,0.05,MEDIUM,3,6,10,10,18,4.88,-19.766,-15.087,4.679,692
HKZB,3686,25.6,0.05,MEDIUM,3,7,10,10,18,4.88,-29.518,-22.116,7.403,689
HKZB,3686,25.6,0.05,MEDIUM,3,8,10,10,18,4.88,-22.301,-17.64,4.661,702
HKZB,3686,25.6,0.05,MEDIUM,3,9,10,10,18,4.88,-16.454,-20.223,-3.769,689
HKZB,3686,25.6,0.05,MEDIUM,3,10,10,10,18,4.88,-17.129,-13.384,3.745,705
HKZB,3686,25.6,0.05,MEDIUM,3,11,10,10,18,4.88,-12.164,-16.384,-4.22,717
HKZB,3686,25.6,0.05,MEDIUM,3,12,10,10,18,4.88,-21.398,-19.852,1.547,713
HKZB,3686,25.6,0.05,MEDIUM,3,13,10,10,18,4.88,-42.639,-22.695,19.944,728
HKZB,3686,25.6,0.05,MEDIUM,3,14,10,10,18,4.88,-18.234,-13.298,4.935,721
HKZB,3686,25.6,0.05,FEW-LONG,1,0,1,1,144,3.91,-15.587,-14.643,0.944,842
HKZB,3686,25.6,0.05,FEW-LONG,1,1,1,1,144,3.91,-9.351,-12.498,-3.148,842
HKZB,3686,25.6,0.05,FEW-LONG,1,2,1,1,144,3.91,-14.653,-14.138,0.515,842
HKZB,3686,25.6,0.05,FEW-LONG,1,3,1,1,144,3.91,-13.64,-11.925,1.715,842
HKZB,3686,25.6,0.05,FEW-LONG,1,4,1,1,144,3.91,-9.772,-10.335,-0.563,842
HKZB,3686,25.6,0.05,FEW-LONG,1,5,1,1,144,3.91,-8.54,-9.567,-1.027,842
HKZB,3686,25.6,0.05,FEW-LONG,1,6,1,1,144,3.91,-13.734,-10.285,3.449,842
HKZB,3686,25.6,0.05,FEW-LONG,1,7,1,1,144,3.91,-13.24,-12.728,0.511,842
HKZB,3686,25.6,0.05,FEW-LONG,1,8,1,1,144,3.91,-10.281,-9.08,1.2,842
HKZB,3686,25.6,0.05,FEW-LONG,1,9,1,1,144,3.91,-9.219,-6.942,2.278,842
HKZB,3686,25.6,0.05,FEW-LONG,1,10,1,1,144,3.91,-13.471,-10.703,2.768,842
HKZB,3686,25.6,0.05,FEW-LONG,1,11,1,1,144,3.91,-11.235,-9.344,1.89,842
HKZB,3686,25.6,0.05,FEW-LONG,1,12,1,1,144,3.91,-7.695,-9.368,-1.673,842
HKZB,3686,25.6,0.05,FEW-LONG,1,13,1,1,144,3.91,-12.953,-17.962,-5.009,842
HKZB,3686,25.6,0.05,FEW-LONG,1,14,1,1,144,3.91,-10.591,-8.633,1.958,842
HKZB,3686,25.6,0.05,FEW-LONG,3,0,1,1,144,3.91,-23.828,-22.221,1.607,839
HKZB,3686,25.6,0.05,FEW-LONG,3,1,1,1,144,3.91,-14.242,-17.613,-3.371,839
HKZB,3686,25.6,0.05,FEW-LONG,3,2,1,1,144,3.91,-22.508,-16.76,5.748,839
HKZB,3686,25.6,0.05,FEW-LONG,3,3,1,1,144,3.91,-19.982,-17.806,2.176,839
HKZB,3686,25.6,0.05,FEW-LONG,3,4,1,1,144,3.91,-15.133,-15.327,-0.194,839
HKZB,3686,25.6,0.05,FEW-LONG,3,5,1,1,144,3.91,-13.053,-14.123,-1.071,839
HKZB,3686,25.6,0.05,FEW-LONG,3,6,1,1,144,3.91,-20.397,-14.438,5.959,839
HKZB,3686,25.6,0.05,FEW-LONG,3,7,1,1,144,3.91,-22.021,-22.684,-0.664,839
HKZB,3686,25.6,0.05,FEW-LONG,3,8,1,1,144,3.91,-16.276,-15.005,1.271,839
HKZB,3686,25.6,0.05,FEW-LONG,3,9,1,1,144,3.91,-15.685,-12.306,3.378,839
HKZB,3686,25.6,0.05,FEW-LONG,3,10,1,1,144,3.91,-21.234,-19.551,1.683,839
HKZB,3686,25.6,0.05,FEW-LONG,3,11,1,1,144,3.91,-18.608,-13.827,4.782,839
HKZB,3686,25.6,0.05,FEW-LONG,3,12,1,1,144,3.91,-13.806,-10.913,2.893,839
HKZB,3686,25.6,0.05,FEW-LONG,3,13,1,1,144,3.91,-23.153,-21.55,1.603,839
HKZB,3686,25.6,0.05,FEW-LONG,3,14,1,1,144,3.91,-18.978,-16.438,2.54,839
HKZB,3686,25.6,0.1,MEDIUM,1,0,20,20,18,9.77,-13.964,-9.962,4.003,543
HKZB,3686,25.6,0.1,MEDIUM,1,1,20,20,18,9.77,-12.033,-11.325,0.707,559
HKZB,3686,25.6,0.1,MEDIUM,1,2,20,20,18,9.77,-11.388,-13.026,-1.639,536
HKZB,3686,25.6,0.1,MEDIUM,1,3,20,20,18,9.77,-15.403,-6.536,8.867,549
HKZB,3686,25.6,0.1,MEDIUM,1,4,20,20,18,9.77,-15.037,-11.78,3.257,529
HKZB,3686,25.6,0.1,MEDIUM,1,5,20,20,18,9.77,-17.398,-11.121,6.277,543
HKZB,3686,25.6,0.1,MEDIUM,1,6,20,20,18,9.77,-17.188,-14.777,2.411,544
HKZB,3686,25.6,0.1,MEDIUM,1,7,20,20,18,9.77,-11.379,-11.691,-0.312,535
HKZB,3686,25.6,0.1,MEDIUM,1,8,20,20,18,9.77,-37.124,-12.602,24.522,544
HKZB,3686,25.6,0.1,MEDIUM,1,9,20,20,18,9.77,-16.861,-10.678,6.183,548
HKZB,3686,25.6,0.1,MEDIUM,1,10,20,20,18,9.77,-20.27,-10.555,9.716,557
HKZB,3686,25.6,0.1,MEDIUM,1,11,20,20,18,9.77,-10.708,-14.627,-3.919,542
HKZB,3686,25.6,0.1,MEDIUM,1,12,20,20,18,9.77,-18.333,-11.274,7.059,543
HKZB,3686,25.6,0.1,MEDIUM,1,13,20,20,18,9.77,-22.054,-13.646,8.408,608
HKZB,3686,25.6,0.1,MEDIUM,1,14,20,20,18,9.77,-15.229,-8.997,6.233,567
HKZB,3686,25.6,0.1,MEDIUM,3,0,20,20,18,9.77,-37.881,-9.789,28.092,534
HKZB,3686,25.6,0.1,MEDIUM,3,1,20,20,18,9.77,-26.361,-14.356,12.005,549
HKZB,3686,25.6,0.1,MEDIUM,3,2,20,20,18,9.77,-26.941,-14.936,12.006,527
HKZB,3686,25.6,0.1,MEDIUM,3,3,20,20,18,9.77,-29.902,-10.226,19.676,539
HKZB,3686,25.6,0.1,MEDIUM,3,4,20,20,18,9.77,-13.706,-17.289,-3.583,518
HKZB,3686,25.6,0.1,MEDIUM,3,5,20,20,18,9.77,-20.794,-13.571,7.223,535
HKZB,3686,25.6,0.1,MEDIUM,3,6,20,20,18,9.77,-31.674,-14.538,17.135,534
HKZB,3686,25.6,0.1,MEDIUM,3,7,20,20,18,9.77,-22.79,-21.686,1.104,526
HKZB,3686,25.6,0.1,MEDIUM,3,8,20,20,18,9.77,-61.032,-20.535,40.497,533
HKZB,3686,25.6,0.1,MEDIUM,3,9,20,20,18,9.77,-23.496,-12.989,10.507,539
HKZB,3686,25.6,0.1,MEDIUM,3,10,20,20,18,9.77,-27.857,-14.82,13.038,547
HKZB,3686,25.6,0.1,MEDIUM,3,11,20,20,18,9.77,-20.933,-18.375,2.557,532
HKZB,3686,25.6,0.1,MEDIUM,3,12,20,20,18,9.77,-30.425,-20.089,10.336,533
HKZB,3686,25.6,0.1,MEDIUM,3,13,20,20,18,9.77,-28.637,-19.309,9.328,600
HKZB,3686,25.6,0.1,MEDIUM,3,14,20,20,18,9.77,-23.583,-17.346,6.236,559
HKZB,3686,25.6,0.1,FEW-LONG,1,0,2,2,144,7.81,-12.887,-11.923,0.964,791
HKZB,3686,25.6,0.1,FEW-LONG,1,1,2,2,144,7.81,-11.874,-13.277,-1.403,791
HKZB,3686,25.6,0.1,FEW-LONG,1,2,2,2,144,7.81,-20.219,-12.14,8.08,791
HKZB,3686,25.6,0.1,FEW-LONG,1,3,2,2,144,7.81,-12.799,-9.884,2.915,791
HKZB,3686,25.6,0.1,FEW-LONG,1,4,2,2,144,7.81,-15.32,-10.655,4.666,791
HKZB,3686,25.6,0.1,FEW-LONG,1,5,2,2,144,7.81,-9.289,-9.579,-0.291,791
HKZB,3686,25.6,0.1,FEW-LONG,1,6,2,2,144,7.81,-12.753,-10.315,2.438,791
HKZB,3686,25.6,0.1,FEW-LONG,1,7,2,2,144,7.81,-8.477,-9.424,-0.947,791
HKZB,3686,25.6,0.1,FEW-LONG,1,8,2,2,144,7.81,-8.901,-10.141,-1.24,791
HKZB,3686,25.6,0.1,FEW-LONG,1,9,2,2,144,7.81,-14.454,-13.477,0.978,791
HKZB,3686,25.6,0.1,FEW-LONG,1,10,2,2,144,7.81,-17.27,-14.329,2.941,791
HKZB,3686,25.6,0.1,FEW-LONG,1,11,2,2,144,7.81,-14.463,-10.36,4.102,791
HKZB,3686,25.6,0.1,FEW-LONG,1,12,2,2,144,7.81,-8.762,-10.449,-1.687,791
HKZB,3686,25.6,0.1,FEW-LONG,1,13,2,2,144,7.81,-16.18,-18.444,-2.263,791
HKZB,3686,25.6,0.1,FEW-LONG,1,14,2,2,144,7.81,-15.944,-9.637,6.307,791
HKZB,3686,25.6,0.1,FEW-LONG,3,0,2,2,144,7.81,-20.209,-17.323,2.885,788
HKZB,3686,25.6,0.1,FEW-LONG,3,1,2,2,144,7.81,-13.899,-21.224,-7.326,788
HKZB,3686,25.6,0.1,FEW-LONG,3,2,2,2,144,7.81,-33.869,-19.742,14.127,788
HKZB,3686,25.6,0.1,FEW-LONG,3,3,2,2,144,7.81,-17.82,-12.606,5.214,788
HKZB,3686,25.6,0.1,FEW-LONG,3,4,2,2,144,7.81,-20.214,-16.276,3.938,788
HKZB,3686,25.6,0.1,FEW-LONG,3,5,2,2,144,7.81,-14.109,-8.914,5.194,788
HKZB,3686,25.6,0.1,FEW-LONG,3,6,2,2,144,7.81,-23.697,-15.411,8.286,788
HKZB,3686,25.6,0.1,FEW-LONG,3,7,2,2,144,7.81,-17.555,-15.043,2.511,788
HKZB,3686,25.6,0.1,FEW-LONG,3,8,2,2,144,7.81,-18.073,-16.081,1.992,788
HKZB,3686,25.6,0.1,FEW-LONG,3,9,2,2,144,7.81,-26.058,-19.143,6.914,788
HKZB,3686,25.6,0.1,FEW-LONG,3,10,2,2,144,7.81,-16.938,-13.608,3.33,788
HKZB,3686,25.6,0.1,FEW-LONG,3,11,2,2,144,7.81,-21.335,-17.401,3.934,788
HKZB,3686,25.6,0.1,FEW-LONG,3,12,2,2,144,7.81,-16.674,-13.581,3.092,788
HKZB,3686,25.6,0.1,FEW-LONG,3,13,2,2,144,7.81,-14.383,-13.052,1.332,788
HKZB,3686,25.6,0.1,FEW-LONG,3,14,2,2,144,7.81,-22.22,-16.402,5.818,788
HKZB,3686,25.6,0.2,MEDIUM,1,0,40,40,18,19.53,-29.598,-7.205,22.394,320
HKZB,3686,25.6,0.2,MEDIUM,1,1,40,40,18,19.53,-66.437,-11.634,54.803,344
HKZB,3686,25.6,0.2,MEDIUM,1,2,40,40,18,19.53,-20.466,-11.237,9.23,277
HKZB,3686,25.6,0.2,MEDIUM,1,3,40,40,18,19.53,-37.412,-6.795,30.617,292
HKZB,3686,25.6,0.2,MEDIUM,1,4,40,40,18,19.53,-29.406,-8.419,20.986,310
HKZB,3686,25.6,0.2,MEDIUM,1,5,40,40,18,19.53,-51.03,-11.946,39.083,307
HKZB,3686,25.6,0.2,MEDIUM,1,6,40,40,18,19.53,-32.56,-14.019,18.541,305
HKZB,3686,25.6,0.2,MEDIUM,1,7,40,40,18,19.53,-84.104,-18.002,66.102,302
HKZB,3686,25.6,0.2,MEDIUM,1,8,40,40,18,19.53,-93.676,-13.561,80.115,337
HKZB,3686,25.6,0.2,MEDIUM,1,9,40,40,18,19.53,-67.74,-9.58,58.16,308
HKZB,3686,25.6,0.2,MEDIUM,1,10,40,40,18,19.53,-56.145,-8.328,47.817,308
HKZB,3686,25.6,0.2,MEDIUM,1,11,40,40,18,19.53,-71.091,-10.333,60.758,293
HKZB,3686,25.6,0.2,MEDIUM,1,12,40,40,18,19.53,-17.441,-16.206,1.236,305
HKZB,3686,25.6,0.2,MEDIUM,1,13,40,40,18,19.53,-67.248,-27.818,39.43,339
HKZB,3686,25.6,0.2,MEDIUM,1,14,40,40,18,19.53,-51.288,-13.572,37.715,320
HKZB,3686,25.6,0.2,MEDIUM,3,0,40,40,18,19.53,-64.578,-7.833,56.745,310
HKZB,3686,25.6,0.2,MEDIUM,3,1,40,40,18,19.53,-50.942,-11.217,39.725,334
HKZB,3686,25.6,0.2,MEDIUM,3,2,40,40,18,19.53,-19.346,-8.996,10.35,267
HKZB,3686,25.6,0.2,MEDIUM,3,3,40,40,18,19.53,-29.192,-6.078,23.114,280
HKZB,3686,25.6,0.2,MEDIUM,3,4,40,40,18,19.53,-22.81,-14.295,8.514,300
HKZB,3686,25.6,0.2,MEDIUM,3,5,40,40,18,19.53,-85.743,-14.22,71.523,297
HKZB,3686,25.6,0.2,MEDIUM,3,6,40,40,18,19.53,-20.57,-14.693,5.877,295
HKZB,3686,25.6,0.2,MEDIUM,3,7,40,40,18,19.53,-89.844,-18.574,71.271,293
HKZB,3686,25.6,0.2,MEDIUM,3,8,40,40,18,19.53,-63.351,-20.481,42.87,325
HKZB,3686,25.6,0.2,MEDIUM,3,9,40,40,18,19.53,-96.92,-10.741,86.179,296
HKZB,3686,25.6,0.2,MEDIUM,3,10,40,40,18,19.53,-35.953,-15.622,20.331,297
HKZB,3686,25.6,0.2,MEDIUM,3,11,40,40,18,19.53,-56.298,-25.276,31.023,281
HKZB,3686,25.6,0.2,MEDIUM,3,12,40,40,18,19.53,-35.58,-16.935,18.645,295
HKZB,3686,25.6,0.2,MEDIUM,3,13,40,40,18,19.53,-34.038,-17.969,16.069,329
HKZB,3686,25.6,0.2,MEDIUM,3,14,40,40,18,19.53,-58.058,-17.29,40.768,310
HKZB,3686,25.6,0.2,FEW-LONG,1,0,5,5,144,19.53,-15.221,-79.359,-64.138,637
HKZB,3686,25.6,0.2,FEW-LONG,1,1,5,5,144,19.53,-10.323,-15.661,-5.338,637
HKZB,3686,25.6,0.2,FEW-LONG,1,2,5,5,144,19.53,-20.705,-9.156,11.549,637
HKZB,3686,25.6,0.2,FEW-LONG,1,3,5,5,144,19.53,-21.252,-17.14,4.112,649
HKZB,3686,25.6,0.2,FEW-LONG,1,4,5,5,144,19.53,-15.467,-15.367,0.1,640
HKZB,3686,25.6,0.2,FEW-LONG,1,5,5,5,144,19.53,-15.539,-155.926,-140.388,652
HKZB,3686,25.6,0.2,FEW-LONG,1,6,5,5,144,19.53,-13.057,-10.942,2.115,637
HKZB,3686,25.6,0.2,FEW-LONG,1,7,5,5,144,19.53,-14.041,-14.257,-0.215,671
HKZB,3686,25.6,0.2,FEW-LONG,1,8,5,5,144,19.53,-10.083,-14.252,-4.169,643
HKZB,3686,25.6,0.2,FEW-LONG,1,9,5,5,144,19.53,-27.121,-14.118,13.003,637
HKZB,3686,25.6,0.2,FEW-LONG,1,10,5,5,144,19.53,-25.168,-13.751,11.417,655
HKZB,3686,25.6,0.2,FEW-LONG,1,11,5,5,144,19.53,-14.067,-19.006,-4.939,637
HKZB,3686,25.6,0.2,FEW-LONG,1,12,5,5,144,19.53,-10.588,-8.727,1.861,640
HKZB,3686,25.6,0.2,FEW-LONG,1,13,5,5,144,19.53,-23.994,-18.214,5.78,637
HKZB,3686,25.6,0.2,FEW-LONG,1,14,5,5,144,19.53,-16.401,-67.377,-50.976,640
HKZB,3686,25.6,0.2,FEW-LONG,3,0,5,5,144,19.53,-16.242,-64.365,-48.123,632
HKZB,3686,25.6,0.2,FEW-LONG,3,1,5,5,144,19.53,-15.698,-28.901,-13.203,632
HKZB,3686,25.6,0.2,FEW-LONG,3,2,5,5,144,19.53,-38.429,-16.044,22.385,632
HKZB,3686,25.6,0.2,FEW-LONG,3,3,5,5,144,19.53,-26.116,-28.785,-2.67,645
HKZB,3686,25.6,0.2,FEW-LONG,3,4,5,5,144,19.53,-22.418,-16.25,6.169,636
HKZB,3686,25.6,0.2,FEW-LONG,3,5,5,5,144,19.53,-14.964,-251.584,-236.62,648
HKZB,3686,25.6,0.2,FEW-LONG,3,6,5,5,144,19.53,-16.376,-15.304,1.072,632
HKZB,3686,25.6,0.2,FEW-LONG,3,7,5,5,144,19.53,-21.528,-12.845,8.683,667
HKZB,3686,25.6,0.2,FEW-LONG,3,8,5,5,144,19.53,-16.474,-27.569,-11.095,638
HKZB,3686,25.6,0.2,FEW-LONG,3,9,5,5,144,19.53,-34.715,-16.126,18.589,632
HKZB,3686,25.6,0.2,FEW-LONG,3,10,5,5,144,19.53,-24.257,-15.327,8.93,651
HKZB,3686,25.6,0.2,FEW-LONG,3,11,5,5,144,19.53,-13.505,-17.109,-3.604,632
HKZB,3686,25.6,0.2,FEW-LONG,3,12,5,5,144,19.53,-17.11,-12.351,4.759,636
HKZB,3686,25.6,0.2,FEW-LONG,3,13,5,5,144,19.53,-23.623,-16.656,6.967,632
HKZB,3686,25.6,0.2,FEW-LONG,3,14,5,5,144,19.53,-22.125,-103.27,-81.146,636
BUOY130,6120,42.5,0.05,MANY-SHORT,1,0,102,102,3,5.0,-25.291,-9.795,15.496,486
BUOY130,6120,42.5,0.05,MANY-SHORT,1,1,102,102,3,5.0,-22.275,-10.713,11.562,460
BUOY130,6120,42.5,0.05,MANY-SHORT,1,2,102,102,3,5.0,-34.629,-13.839,20.79,484
BUOY130,6120,42.5,0.05,MANY-SHORT,1,3,102,102,3,5.0,-20.225,-13.374,6.851,467
BUOY130,6120,42.5,0.05,MANY-SHORT,1,4,102,102,3,5.0,-25.504,-10.188,15.316,489
BUOY130,6120,42.5,0.05,MANY-SHORT,1,5,102,102,3,5.0,-45.453,-9.251,36.202,506
BUOY130,6120,42.5,0.05,MANY-SHORT,1,6,102,102,3,5.0,-130.29,-13.667,116.623,504
BUOY130,6120,42.5,0.05,MANY-SHORT,1,7,102,102,3,5.0,-12.716,-8.975,3.741,470
BUOY130,6120,42.5,0.05,MANY-SHORT,1,8,102,102,3,5.0,-20.794,-8.883,11.912,533
BUOY130,6120,42.5,0.05,MANY-SHORT,1,9,102,102,3,5.0,-19.631,-11.1,8.531,465
BUOY130,6120,42.5,0.05,MANY-SHORT,1,10,102,102,3,5.0,-27.743,-19.222,8.522,518
BUOY130,6120,42.5,0.05,MANY-SHORT,1,11,102,102,3,5.0,-9.907,-12.535,-2.629,498
BUOY130,6120,42.5,0.05,MANY-SHORT,1,12,102,102,3,5.0,-84.574,-6.401,78.173,491
BUOY130,6120,42.5,0.05,MANY-SHORT,1,13,102,102,3,5.0,-141.939,-5.492,136.446,496
BUOY130,6120,42.5,0.05,MANY-SHORT,1,14,102,102,3,5.0,-178.679,-9.877,168.802,494
BUOY130,6120,42.5,0.05,MANY-SHORT,3,0,102,102,3,5.0,-21.031,-14.973,6.058,467
BUOY130,6120,42.5,0.05,MANY-SHORT,3,1,102,102,3,5.0,-35.228,-16.816,18.413,441
BUOY130,6120,42.5,0.05,MANY-SHORT,3,2,102,102,3,5.0,-26.569,-11.459,15.11,466
BUOY130,6120,42.5,0.05,MANY-SHORT,3,3,102,102,3,5.0,-25.805,-14.962,10.844,449
BUOY130,6120,42.5,0.05,MANY-SHORT,3,4,102,102,3,5.0,-24.991,-15.99,9.001,469
BUOY130,6120,42.5,0.05,MANY-SHORT,3,5,102,102,3,5.0,-51.819,-12.568,39.252,488
BUOY130,6120,42.5,0.05,MANY-SHORT,3,6,102,102,3,5.0,-134.34,-18.086,116.254,486
BUOY130,6120,42.5,0.05,MANY-SHORT,3,7,102,102,3,5.0,-16.68,-13.387,3.293,451
BUOY130,6120,42.5,0.05,MANY-SHORT,3,8,102,102,3,5.0,-22.51,-15.881,6.629,516
BUOY130,6120,42.5,0.05,MANY-SHORT,3,9,102,102,3,5.0,-17.816,-6.765,11.051,445
BUOY130,6120,42.5,0.05,MANY-SHORT,3,10,102,102,3,5.0,-15.154,-21.943,-6.789,499
BUOY130,6120,42.5,0.05,MANY-SHORT,3,11,102,102,3,5.0,-9.727,-14.136,-4.409,478
BUOY130,6120,42.5,0.05,MANY-SHORT,3,12,102,102,3,5.0,-91.663,-5.35,86.314,474
BUOY130,6120,42.5,0.05,MANY-SHORT,3,13,102,102,3,5.0,-64.811,-6.983,57.828,476
BUOY130,6120,42.5,0.05,MANY-SHORT,3,14,102,102,3,5.0,-118.869,-5.232,113.637,477
BUOY130,6120,42.5,0.05,MEDIUM,1,0,17,17,18,5.0,-8.189,-6.545,1.644,1191
BUOY130,6120,42.5,0.05,MEDIUM,1,1,17,17,18,5.0,-13.584,-8.796,4.788,1188
BUOY130,6120,42.5,0.05,MEDIUM,1,2,17,17,18,5.0,-9.327,-8.379,0.947,1167
BUOY130,6120,42.5,0.05,MEDIUM,1,3,17,17,18,5.0,-11.078,-12.003,-0.925,1179
BUOY130,6120,42.5,0.05,MEDIUM,1,4,17,17,18,5.0,-15.753,-12.015,3.738,1184
BUOY130,6120,42.5,0.05,MEDIUM,1,5,17,17,18,5.0,-7.181,-13.557,-6.376,1202
BUOY130,6120,42.5,0.05,MEDIUM,1,6,17,17,18,5.0,-27.03,-11.326,15.704,1204
BUOY130,6120,42.5,0.05,MEDIUM,1,7,17,17,18,5.0,-14.729,-12.86,1.869,1168
BUOY130,6120,42.5,0.05,MEDIUM,1,8,17,17,18,5.0,-16.362,-11.701,4.661,1182
BUOY130,6120,42.5,0.05,MEDIUM,1,9,17,17,18,5.0,-17.87,-10.145,7.725,1189
BUOY130,6120,42.5,0.05,MEDIUM,1,10,17,17,18,5.0,-9.946,-8.954,0.992,1211
BUOY130,6120,42.5,0.05,MEDIUM,1,11,17,17,18,5.0,-10.663,-11.967,-1.304,1195
BUOY130,6120,42.5,0.05,MEDIUM,1,12,17,17,18,5.0,-12.045,-12.184,-0.138,1201
BUOY130,6120,42.5,0.05,MEDIUM,1,13,17,17,18,5.0,-16.639,-11.765,4.874,1215
BUOY130,6120,42.5,0.05,MEDIUM,1,14,17,17,18,5.0,-13.36,-2.625,10.735,1189
BUOY130,6120,42.5,0.05,MEDIUM,3,0,17,17,18,5.0,-14.786,-14.211,0.575,1181
BUOY130,6120,42.5,0.05,MEDIUM,3,1,17,17,18,5.0,-18.515,-13.204,5.311,1178
BUOY130,6120,42.5,0.05,MEDIUM,3,2,17,17,18,5.0,-17.574,-13.632,3.943,1157
BUOY130,6120,42.5,0.05,MEDIUM,3,3,17,17,18,5.0,-17.723,-17.664,0.059,1169
BUOY130,6120,42.5,0.05,MEDIUM,3,4,17,17,18,5.0,-14.115,-9.899,4.216,1174
BUOY130,6120,42.5,0.05,MEDIUM,3,5,17,17,18,5.0,-15.534,-18.412,-2.878,1193
BUOY130,6120,42.5,0.05,MEDIUM,3,6,17,17,18,5.0,-20.739,-11.628,9.111,1195
BUOY130,6120,42.5,0.05,MEDIUM,3,7,17,17,18,5.0,-11.866,-10.534,1.332,1158
BUOY130,6120,42.5,0.05,MEDIUM,3,8,17,17,18,5.0,-23.379,-15.644,7.735,1172
BUOY130,6120,42.5,0.05,MEDIUM,3,9,17,17,18,5.0,-14.267,-7.718,6.549,1180
BUOY130,6120,42.5,0.05,MEDIUM,3,10,17,17,18,5.0,-9.973,-8.682,1.292,1202
BUOY130,6120,42.5,0.05,MEDIUM,3,11,17,17,18,5.0,-15.141,-17.538,-2.397,1186
BUOY130,6120,42.5,0.05,MEDIUM,3,12,17,17,18,5.0,-18.548,-15.635,2.913,1192
BUOY130,6120,42.5,0.05,MEDIUM,3,13,17,17,18,5.0,-13.401,-10.081,3.319,1208
BUOY130,6120,42.5,0.05,MEDIUM,3,14,17,17,18,5.0,-20.184,-7.348,12.837,1181
BUOY130,6120,42.5,0.05,FEW-LONG,1,0,2,2,144,4.71,-13.232,-10.999,2.233,1400
BUOY130,6120,42.5,0.05,FEW-LONG,1,1,2,2,144,4.71,-9.156,-12.064,-2.908,1400
BUOY130,6120,42.5,0.05,FEW-LONG,1,2,2,2,144,4.71,-11.94,-12.501,-0.561,1400
BUOY130,6120,42.5,0.05,FEW-LONG,1,3,2,2,144,4.71,-10.349,-9.914,0.434,1400
BUOY130,6120,42.5,0.05,FEW-LONG,1,4,2,2,144,4.71,-10.338,-9.91,0.428,1400
BUOY130,6120,42.5,0.05,FEW-LONG,1,5,2,2,144,4.71,-15.231,-9.035,6.196,1400
BUOY130,6120,42.5,0.05,FEW-LONG,1,6,2,2,144,4.71,-10.747,-9.207,1.54,1400
BUOY130,6120,42.5,0.05,FEW-LONG,1,7,2,2,144,4.71,-11.933,-10.075,1.859,1400
BUOY130,6120,42.5,0.05,FEW-LONG,1,8,2,2,144,4.71,-7.363,-11.112,-3.749,1400
BUOY130,6120,42.5,0.05,FEW-LONG,1,9,2,2,144,4.71,-12.135,-11.6,0.535,1400
BUOY130,6120,42.5,0.05,FEW-LONG,1,10,2,2,144,4.71,-11.218,-11.988,-0.769,1400
BUOY130,6120,42.5,0.05,FEW-LONG,1,11,2,2,144,4.71,-8.115,-10.689,-2.574,1400
BUOY130,6120,42.5,0.05,FEW-LONG,1,12,2,2,144,4.71,-9.868,-9.054,0.814,1400
BUOY130,6120,42.5,0.05,FEW-LONG,1,13,2,2,144,4.71,-17.629,-14.201,3.428,1408
BUOY130,6120,42.5,0.05,FEW-LONG,1,14,2,2,144,4.71,-11.326,-9.549,1.777,1400
BUOY130,6120,42.5,0.05,FEW-LONG,3,0,2,2,144,4.71,-14.426,-10.173,4.253,1396
BUOY130,6120,42.5,0.05,FEW-LONG,3,1,2,2,144,4.71,-15.909,-14.443,1.465,1396
BUOY130,6120,42.5,0.05,FEW-LONG,3,2,2,2,144,4.71,-11.897,-12.349,-0.452,1396
BUOY130,6120,42.5,0.05,FEW-LONG,3,3,2,2,144,4.71,-8.44,-6.818,1.622,1396
BUOY130,6120,42.5,0.05,FEW-LONG,3,4,2,2,144,4.71,-10.558,-7.731,2.827,1396
BUOY130,6120,42.5,0.05,FEW-LONG,3,5,2,2,144,4.71,-9.288,-9.553,-0.266,1396
BUOY130,6120,42.5,0.05,FEW-LONG,3,6,2,2,144,4.71,-14.428,-12.001,2.428,1396
BUOY130,6120,42.5,0.05,FEW-LONG,3,7,2,2,144,4.71,-8.755,-9.051,-0.296,1396
BUOY130,6120,42.5,0.05,FEW-LONG,3,8,2,2,144,4.71,-15.638,-17.133,-1.494,1396
BUOY130,6120,42.5,0.05,FEW-LONG,3,9,2,2,144,4.71,-13.815,-10.51,3.304,1396
BUOY130,6120,42.5,0.05,FEW-LONG,3,10,2,2,144,4.71,-13.47,-16.956,-3.487,1396
BUOY130,6120,42.5,0.05,FEW-LONG,3,11,2,2,144,4.71,-9.211,-9.579,-0.368,1396
BUOY130,6120,42.5,0.05,FEW-LONG,3,12,2,2,144,4.71,-16.374,-12.237,4.137,1396
BUOY130,6120,42.5,0.05,FEW-LONG,3,13,2,2,144,4.71,-18.449,-18.789,-0.341,1405
BUOY130,6120,42.5,0.05,FEW-LONG,3,14,2,2,144,4.71,-10.969,-7.853,3.116,1396
BUOY130,6120,42.5,0.1,MANY-SHORT,1,0,204,204,3,10.0,-92.853,-14.065,78.788,165
BUOY130,6120,42.5,0.1,MANY-SHORT,1,1,204,204,3,10.0,-51.037,-15.499,35.538,183
BUOY130,6120,42.5,0.1,MANY-SHORT,1,2,204,204,3,10.0,-42.879,-19.017,23.862,180
BUOY130,6120,42.5,0.1,MANY-SHORT,1,3,204,204,3,10.0,-20.32,-12.066,8.253,178
BUOY130,6120,42.5,0.1,MANY-SHORT,1,4,204,204,3,10.0,-33.106,-15.15,17.956,164
BUOY130,6120,42.5,0.1,MANY-SHORT,1,6,204,204,3,10.0,-24.36,-15.474,8.887,186
BUOY130,6120,42.5,0.1,MANY-SHORT,1,8,204,204,3,10.0,-39.773,-11.187,28.587,181
BUOY130,6120,42.5,0.1,MANY-SHORT,1,9,204,204,3,10.0,-48.406,-12.534,35.872,202
BUOY130,6120,42.5,0.1,MANY-SHORT,1,10,204,204,3,10.0,-52.795,-29.529,23.266,194
BUOY130,6120,42.5,0.1,MANY-SHORT,1,11,204,204,3,10.0,-21.828,-15.744,6.085,211
BUOY130,6120,42.5,0.1,MANY-SHORT,1,12,204,204,3,10.0,-14.89,-10.146,4.744,160
BUOY130,6120,42.5,0.1,MANY-SHORT,1,13,204,204,3,10.0,-51.526,-9.718,41.808,173
BUOY130,6120,42.5,0.1,MANY-SHORT,1,14,204,204,3,10.0,-41.466,-7.162,34.304,159
BUOY130,6120,42.5,0.1,MANY-SHORT,3,0,204,204,3,10.0,-81.463,-13.829,67.634,154
BUOY130,6120,42.5,0.1,MANY-SHORT,3,1,204,204,3,10.0,-52.996,-10.933,42.063,171
BUOY130,6120,42.5,0.1,MANY-SHORT,3,2,204,204,3,10.0,-31.929,-11.79,20.139,169
BUOY130,6120,42.5,0.1,MANY-SHORT,3,3,204,204,3,10.0,-12.105,-18.194,-6.089,167
BUOY130,6120,42.5,0.1,MANY-SHORT,3,4,204,204,3,10.0,-50.374,-19.165,31.209,152
BUOY130,6120,42.5,0.1,MANY-SHORT,3,6,204,204,3,10.0,-35.067,-25.669,9.398,175
BUOY130,6120,42.5,0.1,MANY-SHORT,3,8,204,204,3,10.0,-26.556,-14.179,12.377,171
BUOY130,6120,42.5,0.1,MANY-SHORT,3,9,204,204,3,10.0,-18.363,-14.938,3.425,190
BUOY130,6120,42.5,0.1,MANY-SHORT,3,10,204,204,3,10.0,-52.888,-31.026,21.861,183
BUOY130,6120,42.5,0.1,MANY-SHORT,3,11,204,204,3,10.0,-52.326,-15.83,36.497,199
BUOY130,6120,42.5,0.1,MANY-SHORT,3,13,204,204,3,10.0,-61.025,-14.728,46.297,160
BUOY130,6120,42.5,0.1,MEDIUM,1,0,34,34,18,10.0,-14.252,-3.685,10.567,968
BUOY130,6120,42.5,0.1,MEDIUM,1,1,34,34,18,10.0,-20.239,-16.513,3.726,926
BUOY130,6120,42.5,0.1,MEDIUM,1,2,34,34,18,10.0,-20.401,-7.421,12.981,898
BUOY130,6120,42.5,0.1,MEDIUM,1,3,34,34,18,10.0,-20.639,-10.683,9.956,897
BUOY130,6120,42.5,0.1,MEDIUM,1,4,34,34,18,10.0,-22.05,-14.242,7.808,921
BUOY130,6120,42.5,0.1,MEDIUM,1,5,34,34,18,10.0,-5.567,-13.818,-8.251,915
BUOY130,6120,42.5,0.1,MEDIUM,1,6,34,34,18,10.0,-32.319,-12.049,20.27,916
BUOY130,6120,42.5,0.1,MEDIUM,1,7,34,34,18,10.0,-12.877,-10.088,2.789,927
BUOY130,6120,42.5,0.1,MEDIUM,1,8,34,34,18,10.0,-13.127,-11.22,1.907,915
BUOY130,6120,42.5,0.1,MEDIUM,1,9,34,34,18,10.0,-75.537,-13.626,61.911,928
BUOY130,6120,42.5,0.1,MEDIUM,1,10,34,34,18,10.0,-10.625,-8.151,2.474,972
BUOY130,6120,42.5,0.1,MEDIUM,1,11,34,34,18,10.0,-16.062,-13.917,2.145,910
BUOY130,6120,42.5,0.1,MEDIUM,1,12,34,34,18,10.0,-11.319,-8.088,3.232,901
BUOY130,6120,42.5,0.1,MEDIUM,1,13,34,34,18,10.0,-18.107,-10.166,7.941,924
BUOY130,6120,42.5,0.1,MEDIUM,1,14,34,34,18,10.0,-13.12,-4.392,8.729,927
BUOY130,6120,42.5,0.1,MEDIUM,3,0,34,34,18,10.0,-18.58,-10.361,8.219,956
BUOY130,6120,42.5,0.1,MEDIUM,3,1,34,34,18,10.0,-10.9,-16.931,-6.031,913
BUOY130,6120,42.5,0.1,MEDIUM,3,2,34,34,18,10.0,-26.916,-9.325,17.591,884
BUOY130,6120,42.5,0.1,MEDIUM,3,3,34,34,18,10.0,-18.185,-15.453,2.733,882
BUOY130,6120,42.5,0.1,MEDIUM,3,4,34,34,18,10.0,-12.476,-13.543,-1.067,907
BUOY130,6120,42.5,0.1,MEDIUM,3,5,34,34,18,10.0,-12.453,-20.921,-8.468,900
BUOY130,6120,42.5,0.1,MEDIUM,3,6,34,34,18,10.0,-33.142,-12.645,20.497,901
BUOY130,6120,42.5,0.1,MEDIUM,3,7,34,34,18,10.0,-10.607,-10.259,0.348,913
BUOY130,6120,42.5,0.1,MEDIUM,3,8,34,34,18,10.0,-35.281,-15.306,19.975,901
BUOY130,6120,42.5,0.1,MEDIUM,3,9,34,34,18,10.0,-32.806,-10.304,22.501,915
BUOY130,6120,42.5,0.1,MEDIUM,3,10,34,34,18,10.0,-14.268,-10.88,3.389,959
BUOY130,6120,42.5,0.1,MEDIUM,3,11,34,34,18,10.0,-10.692,-14.111,-3.419,896
BUOY130,6120,42.5,0.1,MEDIUM,3,12,34,34,18,10.0,-21.976,-18.074,3.903,886
BUOY130,6120,42.5,0.1,MEDIUM,3,13,34,34,18,10.0,-12.176,-11.457,0.719,910
BUOY130,6120,42.5,0.1,MEDIUM,3,14,34,34,18,10.0,-18.815,-11.29,7.525,914
BUOY130,6120,42.5,0.1,FEW-LONG,1,0,4,4,144,9.41,-7.09,-9.452,-2.362,1297
BUOY130,6120,42.5,0.1,FEW-LONG,1,1,4,4,144,9.41,-11.229,-12.438,-1.21,1297
BUOY130,6120,42.5,0.1,FEW-LONG,1,2,4,4,144,9.41,-13.5,-10.291,3.209,1297
BUOY130,6120,42.5,0.1,FEW-LONG,1,3,4,4,144,9.41,-9.256,-6.36,2.896,1297
BUOY130,6120,42.5,0.1,FEW-LONG,1,4,4,4,144,9.41,-14.545,-13.454,1.092,1297
BUOY130,6120,42.5,0.1,FEW-LONG,1,5,4,4,144,9.41,-13.171,-6.193,6.978,1297
BUOY130,6120,42.5,0.1,FEW-LONG,1,6,4,4,144,9.41,-7.79,-7.723,0.067,1297
BUOY130,6120,42.5,0.1,FEW-LONG,1,7,4,4,144,9.41,-22.295,-22.099,0.195,1297
BUOY130,6120,42.5,0.1,FEW-LONG,1,8,4,4,144,9.41,-12.823,-9.42,3.403,1297
BUOY130,6120,42.5,0.1,FEW-LONG,1,9,4,4,144,9.41,-15.509,-15.563,-0.054,1297
BUOY130,6120,42.5,0.1,FEW-LONG,1,10,4,4,144,9.41,-13.888,-12.725,1.164,1297
BUOY130,6120,42.5,0.1,FEW-LONG,1,11,4,4,144,9.41,-10.806,-9.302,1.504,1297
BUOY130,6120,42.5,0.1,FEW-LONG,1,12,4,4,144,9.41,-14.048,-15.197,-1.149,1312
BUOY130,6120,42.5,0.1,FEW-LONG,1,13,4,4,144,9.41,-14.61,-10.278,4.332,1305
BUOY130,6120,42.5,0.1,FEW-LONG,1,14,4,4,144,9.41,-15.36,-11.668,3.691,1297
BUOY130,6120,42.5,0.1,FEW-LONG,3,0,4,4,144,9.41,-18.059,-16.191,1.867,1293
BUOY130,6120,42.5,0.1,FEW-LONG,3,1,4,4,144,9.41,-13.935,-17.308,-3.373,1293
BUOY130,6120,42.5,0.1,FEW-LONG,3,2,4,4,144,9.41,-16.702,-14.155,2.547,1293
BUOY130,6120,42.5,0.1,FEW-LONG,3,3,4,4,144,9.41,-15.392,-11.464,3.928,1293
BUOY130,6120,42.5,0.1,FEW-LONG,3,4,4,4,144,9.41,-14.293,-17.523,-3.23,1293
BUOY130,6120,42.5,0.1,FEW-LONG,3,5,4,4,144,9.41,-16.158,-9.029,7.129,1293
BUOY130,6120,42.5,0.1,FEW-LONG,3,6,4,4,144,9.41,-12.441,-12.528,-0.087,1293
BUOY130,6120,42.5,0.1,FEW-LONG,3,7,4,4,144,9.41,-20.342,-30.419,-10.077,1293
BUOY130,6120,42.5,0.1,FEW-LONG,3,8,4,4,144,9.41,-19.107,-15.936,3.171,1293
BUOY130,6120,42.5,0.1,FEW-LONG,3,9,4,4,144,9.41,-18.688,-15.601,3.087,1293
BUOY130,6120,42.5,0.1,FEW-LONG,3,10,4,4,144,9.41,-15.841,-17.317,-1.476,1293
BUOY130,6120,42.5,0.1,FEW-LONG,3,11,4,4,144,9.41,-16.098,-13.423,2.674,1293
BUOY130,6120,42.5,0.1,FEW-LONG,3,12,4,4,144,9.41,-13.605,-9.658,3.947,1308
BUOY130,6120,42.5,0.1,FEW-LONG,3,13,4,4,144,9.41,-12.505,-18.133,-5.627,1301
BUOY130,6120,42.5,0.1,FEW-LONG,3,14,4,4,144,9.41,-19.876,-12.822,7.054,1293
BUOY130,6120,42.5,0.2,MEDIUM,1,0,68,68,18,20.0,-23.499,-8.393,15.106,499
BUOY130,6120,42.5,0.2,MEDIUM,1,1,68,68,18,20.0,-45.12,-17.331,27.789,542
BUOY130,6120,42.5,0.2,MEDIUM,1,2,68,68,18,20.0,-29.655,-12.196,17.459,476
BUOY130,6120,42.5,0.2,MEDIUM,1,3,68,68,18,20.0,-35.157,-15.381,19.776,484
BUOY130,6120,42.5,0.2,MEDIUM,1,4,68,68,18,20.0,-17.205,-8.904,8.3,490
BUOY130,6120,42.5,0.2,MEDIUM,1,5,68,68,18,20.0,-33.797,-35.398,-1.601,506
BUOY130,6120,42.5,0.2,MEDIUM,1,6,68,68,18,20.0,-88.718,-9.35,79.368,528
BUOY130,6120,42.5,0.2,MEDIUM,1,7,68,68,18,20.0,-16.989,-14.886,2.103,514
BUOY130,6120,42.5,0.2,MEDIUM,1,8,68,68,18,20.0,-26.311,-42.974,-16.662,504
BUOY130,6120,42.5,0.2,MEDIUM,1,9,68,68,18,20.0,-20.16,-12.508,7.652,519
BUOY130,6120,42.5,0.2,MEDIUM,1,10,68,68,18,20.0,-12.633,-6.423,6.211,524
BUOY130,6120,42.5,0.2,MEDIUM,1,11,68,68,18,20.0,-37.243,-9.911,27.332,497
BUOY130,6120,42.5,0.2,MEDIUM,1,12,68,68,18,20.0,-20.275,-12.958,7.317,459
BUOY130,6120,42.5,0.2,MEDIUM,1,13,68,68,18,20.0,-38.557,-15.229,23.327,487
BUOY130,6120,42.5,0.2,MEDIUM,1,14,68,68,18,20.0,-28.128,-5.165,22.963,521
BUOY130,6120,42.5,0.2,MEDIUM,3,0,68,68,18,20.0,-28.349,-17.977,10.373,482
BUOY130,6120,42.5,0.2,MEDIUM,3,1,68,68,18,20.0,-67.964,-10.126,57.838,529
BUOY130,6120,42.5,0.2,MEDIUM,3,2,68,68,18,20.0,-27.96,-15.897,12.062,462
BUOY130,6120,42.5,0.2,MEDIUM,3,3,68,68,18,20.0,-47.978,-13.374,34.604,467
BUOY130,6120,42.5,0.2,MEDIUM,3,4,68,68,18,20.0,-7.189,-6.18,1.008,473
BUOY130,6120,42.5,0.2,MEDIUM,3,5,68,68,18,20.0,-54.586,-39.064,15.522,490
BUOY130,6120,42.5,0.2,MEDIUM,3,6,68,68,18,20.0,-77.52,-12.462,65.058,513
BUOY130,6120,42.5,0.2,MEDIUM,3,7,68,68,18,20.0,-11.641,-17.378,-5.737,498
BUOY130,6120,42.5,0.2,MEDIUM,3,8,68,68,18,20.0,-30.579,-26.454,4.125,488
BUOY130,6120,42.5,0.2,MEDIUM,3,9,68,68,18,20.0,-25.448,-9.438,16.01,502
BUOY130,6120,42.5,0.2,MEDIUM,3,10,68,68,18,20.0,-25.998,-16.437,9.561,507
BUOY130,6120,42.5,0.2,MEDIUM,3,11,68,68,18,20.0,-20.948,-12.61,8.339,481
BUOY130,6120,42.5,0.2,MEDIUM,3,12,68,68,18,20.0,-24.818,-14.868,9.95,442
BUOY130,6120,42.5,0.2,MEDIUM,3,13,68,68,18,20.0,-23.903,-15.535,8.368,470
BUOY130,6120,42.5,0.2,MEDIUM,3,14,68,68,18,20.0,-16.989,-7.815,9.174,505
BUOY130,6120,42.5,0.2,FEW-LONG,1,0,8,8,144,18.82,-13.732,-12.704,1.027,1096
BUOY130,6120,42.5,0.2,FEW-LONG,1,1,8,8,144,18.82,-12.732,-10.711,2.021,1092
BUOY130,6120,42.5,0.2,FEW-LONG,1,2,8,8,144,18.82,-7.726,-11.131,-3.405,1093
BUOY130,6120,42.5,0.2,FEW-LONG,1,3,8,8,144,18.82,-6.588,-6.489,0.099,1092
BUOY130,6120,42.5,0.2,FEW-LONG,1,4,8,8,144,18.82,-15.887,-13.915,1.972,1097
BUOY130,6120,42.5,0.2,FEW-LONG,1,5,8,8,144,18.82,-15.405,-6.421,8.984,1092
BUOY130,6120,42.5,0.2,FEW-LONG,1,6,8,8,144,18.82,-12.967,-11.432,1.535,1100
BUOY130,6120,42.5,0.2,FEW-LONG,1,7,8,8,144,18.82,-22.404,-25.023,-2.619,1092
BUOY130,6120,42.5,0.2,FEW-LONG,1,8,8,8,144,18.82,-20.076,-10.022,10.054,1092
BUOY130,6120,42.5,0.2,FEW-LONG,1,9,8,8,144,18.82,-16.944,-13.445,3.499,1092
BUOY130,6120,42.5,0.2,FEW-LONG,1,10,8,8,144,18.82,-12.941,-14.439,-1.498,1092
BUOY130,6120,42.5,0.2,FEW-LONG,1,11,8,8,144,18.82,-10.591,-12.24,-1.649,1092
BUOY130,6120,42.5,0.2,FEW-LONG,1,12,8,8,144,18.82,-12.263,-10.298,1.965,1115
BUOY130,6120,42.5,0.2,FEW-LONG,1,13,8,8,144,18.82,-13.955,-13.072,0.883,1100
BUOY130,6120,42.5,0.2,FEW-LONG,1,14,8,8,144,18.82,-17.329,-9.126,8.203,1108
BUOY130,6120,42.5,0.2,FEW-LONG,3,0,8,8,144,18.82,-21.607,-20.453,1.154,1090
BUOY130,6120,42.5,0.2,FEW-LONG,3,1,8,8,144,18.82,-16.274,-14.46,1.815,1086
BUOY130,6120,42.5,0.2,FEW-LONG,3,2,8,8,144,18.82,-15.638,-18.288,-2.65,1087
BUOY130,6120,42.5,0.2,FEW-LONG,3,3,8,8,144,18.82,-18.723,-7.524,11.2,1086
BUOY130,6120,42.5,0.2,FEW-LONG,3,4,8,8,144,18.82,-16.537,-11.201,5.336,1091
BUOY130,6120,42.5,0.2,FEW-LONG,3,5,8,8,144,18.82,-15.442,-10.019,5.423,1086
BUOY130,6120,42.5,0.2,FEW-LONG,3,6,8,8,144,18.82,-16.573,-16.291,0.282,1094
BUOY130,6120,42.5,0.2,FEW-LONG,3,7,8,8,144,18.82,-28.503,-27.727,0.777,1086
BUOY130,6120,42.5,0.2,FEW-LONG,3,8,8,8,144,18.82,-15.508,-8.253,7.255,1086
BUOY130,6120,42.5,0.2,FEW-LONG,3,9,8,8,144,18.82,-34.334,-17.651,16.683,1086
BUOY130,6120,42.5,0.2,FEW-LONG,3,10,8,8,144,18.82,-14.858,-14.894,-0.036,1086
BUOY130,6120,42.5,0.2,FEW-LONG,3,11,8,8,144,18.82,-13.339,-12.869,0.47,1086
BUOY130,6120,42.5,0.2,FEW-LONG,3,12,8,8,144,18.82,-20.061,-13.656,6.404,1110
BUOY130,6120,42.5,0.2,FEW-LONG,3,13,8,8,144,18.82,-12.597,-10.79,1.806,1094
BUOY130,6120,42.5,0.2,FEW-LONG,3,14,8,8,144,18.82,-29.701,-16.515,13.186,1103
